ProductName,Stars,Ratings,Reviews,Current_Price,MRP,Proccessor,Ram,Storage,,,,,,,,,
Lenovo IdeaPad 3 Core i3 10th Gen,4.3,8,0,31990,53790,Intel Core i3 Processor (10th Gen),4 GB DDR4 RAM,256 GB SSD,,,,,,,,,
realme Book(Slim) Intel Evo Core i5 11th Gen,4.4,7067,949,59990,69999,Powered by 11th Gen Intel Evo Core i5 Processor,Microsoft Office 2019 Home & Student Included,Intel Core i5 Processor (11th Gen),,,,,,,,,
ASUS VivoBook 15 (2022) Core i3 10th Gen,4.3,9970,999,32990,45990,Intel Core i3 Processor (10th Gen),8 GB DDR4 RAM,512 GB SSD,,,,,,,,,
HP Pavilion Ryzen 5 Hexa Core AMD R5,4.4,11854,1199,52990,63539,AMD Ryzen 5 Hexa Core Processor,8 GB DDR4 RAM,512 GB SSD,,,,,,,,,
Lenovo Intel Celeron Dual Core,4.1,366,35,28490,40490,Intel Celeron Dual Core Processor,8 GB DDR4 RAM,256 GB SSD,,,,,,,,,
ASUS TUF Gaming A17 with 90Whr Battery Ryzen 5 Hexa Core AMD R5,4.4,1340,166,63990,71990,AMD Ryzen 5 Hexa Core Processor,8 GB DDR4 RAM,512 GB SSD,,,,,,,,,
acer Aspire 3 Ryzen 3 Dual Core 3250U,4.2,263,55,26990,42999,AMD Ryzen 3 Dual Core Processor,8 GB DDR4 RAM,256 GB SSD,,,,,,,,,
HP 14s Intel Core i3 11th Gen,4.2,1556,137,35990,47206,Intel Core i3 Processor (11th Gen),8 GB DDR4 RAM,256 GB SSD,,,,,,,,,
Lenovo V15 G2 Core i3 11th Gen,3.8,22,1,33999,59760,Intel Core i3 Processor (11th Gen),8 GB DDR4 RAM,512 GB SSD,,,,,,,,,
RedmiBook Pro Core i5 11th Gen,4.1,3641,430,39990,59999,Intel Core i5 Processor (11th Gen),8 GB DDR4 RAM,512 GB SSD,,,,,,,,,
HP Intel Core i5 11th Gen,4.2,25,5,52990,56903,Intel Core i5 Processor (11th Gen),8 GB DDR4 RAM,512 GB SSD,,,,,,,,,
HP Ryzen 3 Dual Core 3250U,4.1,1060,106,29990,43631,AMD Ryzen 3 Dual Core Processor,8 GB DDR4 RAM,256 GB SSD,,,,,,,,,
HP Ryzen 5 Hexa Core 5500U,4.3,1056,82,45727,59778,AMD Ryzen 5 Hexa Core Processor,8 GB DDR4 RAM,512 GB SSD,,,,,,,,,
ASUS Vivobook Ultra 14 (2022) Core i5 11th Gen,4.4,153,17,56990,81990,Intel Core i5 Processor (11th Gen),16 GB DDR4 RAM,512 GB SSD,,,,,,,,,
ASUS VivoBook 14 (2021) Celeron Dual Core,4.1,698,86,23990,33990,Intel Celeron Dual Core Processor,4 GB DDR4 RAM,256 GB SSD,,,,,,,,,
DELL Vostro Core i3 11th Gen,4.2,35,1,42290,58489,Processor: Intel i3-1115G4 (Base- 1.7 GHz & Turbo up to 4.10 GHz) 2 Cores,RAM & Storage: 8GB DDR4 & 1TB HDD + 256GB SSD,"Display: 15.6"" FHD WVA AG Narrow Border",,,,,,,,,
HP 15s Intel Core i3 11th Gen,4.2,328,35,40990,50585,Intel Core i3 Processor (11th Gen),8 GB DDR4 RAM,512 GB SSD,,,,,,,,,
ASUS Vivobook 15 Touch Core i3 11th Gen,4.3,317,42,41990,60990,Intel Core i3 Processor (11th Gen),8 GB DDR4 RAM,512 GB SSD,,,,,,,,,
HP 15s Intel Core i5 12th Gen,4.2,1914,160,56899,70235,Intel Core i5 Processor (12th Gen),8 GB DDR4 RAM,512 GB SSD,,,,,,,,,
Lenovo V15 G2 Core i3 11th Gen,3.9,10,1,35999,60120,Intel Core i3 Processor (11th Gen),8 GB DDR4 RAM,1 TB HDD|256 GB SSD,,,,,,,,,
HP Ryzen 5 Hexa Core 5500U,4.3,278,33,50490,59108,AMD Ryzen 5 Hexa Core Processor,16 GB DDR4 RAM,512 GB SSD,,,,,,,,,
ASUS Vivobook 15 Core i3 10th Gen,4.1,168,14,33990,50990,Intel Core i3 Processor (10th Gen),8 GB DDR4 RAM,512 GB SSD,,,,,,,,,
HP G8 Ryzen 3 Dual Core AMD Ryzen 3 3250U,0,0,0,28490,40528,AMD Ryzen 3 Dual Core Processor,8 GB DDR4 RAM,512 GB SSD,,,,,,,,,
Lenovo Celeron Dual Core,3.8,204,17,19990,36000,Intel Celeron Dual Core Processor,4 GB LPDDR4 RAM,256 GB HDD|256 GB SSD,,,,,,,,,
HP 14s Intel Core i5 12th Gen,4.2,1284,117,58899,75191,Intel Core i5 Processor (12th Gen),16 GB DDR4 RAM,512 GB SSD,,,,,,,,,
ASUS Core i7 11th Gen,4,89,11,56990,80990,Intel Core i7 Processor (11th Gen),16 GB DDR4 RAM,512 GB SSD,,,,,,,,,
Infinix INBook X1 Neo Series Celeron Quad Core,4.1,738,121,20990,29990,Intel Celeron Quad Core Processor,4 GB LPDDR4X RAM,128 GB SSD,,,,,,,,,
Lenovo IdeaPad 3 Core i3 10th Gen,4.3,8,0,31990,53790,Intel Core i3 Processor (10th Gen),4 GB DDR4 RAM,256 GB SSD,,,,,,,,,
ASUS Vivobook Pro 15 Ryzen 7 Octa Core AMD R7,4.5,755,93,59990,82990,AMD Ryzen 7 Octa Core Processor,16 GB DDR4 RAM,512 GB SSD,,,,,,,,,
ASUS Vivobook 15 Core i3 11th Gen,4.2,179,24,39990,50990,Intel Core i3 Processor (11th Gen),8 GB DDR4 RAM,512 GB SSD,,,,,,,,,
HP Ryzen 5 Hexa Core 5500U,4.3,208,18,50499,63289,AMD Ryzen 5 Hexa Core Processor,16 GB DDR4 RAM,512 GB SSD,,,,,,,,,
realme Book(Slim) Intel Evo Core i5 11th Gen,4.4,7067,949,59990,69999,Powered by 11th Gen Intel Evo Core i5 Processor,Microsoft Office 2019 Home & Student Included,Intel Core i5 Processor (11th Gen),,,,,,,,,
MSI Core i5 11th Gen,4.5,235,18,59990,78990,Intel Core i5 Processor (11th Gen),8 GB DDR4 RAM,512 GB SSD,,,,,,,,,
DELL Inspiron Core i3 11th Gen,4.2,341,31,42490,61202,Processor: Intel i3-1115G4 (Base- 1.70 GHz & Turbo up to 4.10 GHz) 2 Cores,RAM & Storage: 8GB DDR4 & 1TB + 256GB SSD,"Display: 15.6"" FHD WVA AG Narrow Border",,,,,,,,,
SAMSUNG Galaxy Book Go Snapdragon 7c Gen 2,4.3,102,18,32990,47990,Qualcomm Snapdragon 7c Gen 2 Processor,4 GB LPDDR4X RAM,35.56 cm (14 Inch) Display,,,,,,,,,
Lenovo Ryzen 5 Hexa Core 5600H,0,0,0,59490,89490,AMD Ryzen 5 Hexa Core Processor,8 GB DDR4 RAM,256 GB SSD,,,,,,,,,
MSI Bravo 15 Ryzen 5 Hexa Core AMD R5,4.4,2115,283,49990,72990,AMD Ryzen 5 Hexa Core Processor,8 GB DDR4 RAM,512 GB SSD,,,,,,,,,
ASUS Vivobook 15 Core i3 10th Gen,4.1,168,14,33990,50990,Intel Core i3 Processor (10th Gen),8 GB DDR4 RAM,512 GB SSD,,,,,,,,,
HP Pavilion Ryzen 5 Hexa Core 5625U,4.3,90,16,53990,63325,AMD Ryzen 5 Hexa Core Processor,8 GB DDR4 RAM,512 GB SSD,,,,,,,,,
acer Aspire 7 Ryzen 5 Hexa Core 5500U,4.4,5461,670,58990,89999,AMD Ryzen 5 Hexa Core Processor,16 GB DDR4 RAM,512 GB SSD,,,,,,,,,
Lenovo IdeaPad Gaming Core i5 11th Gen,4.3,2543,215,52990,76890,Intel Core i5 Processor (11th Gen),8 GB DDR4 RAM,512 GB SSD,,,,,,,,,
Lenovo Intel Core i3 10th Gen,4.3,721,73,33990,50290,Intel Core i3 Processor (10th Gen),8 GB DDR4 RAM,256 GB SSD,,,,,,,,,
Lenovo Celeron Dual Core,4,100,11,28490,40490,Intel Celeron Dual Core Processor,8 GB DDR4 RAM,256 GB SSD,,,,,,,,,
acer Extensa Core i5 11th Gen,3.9,146,7,42990,57999,Intel Core i5 Processor (11th Gen),8 GB DDR4 RAM,512 GB SSD,,,,,,,,,
DELL Inspiron Core i3 11th Gen,4.3,375,35,54300,68658,Processor: Intel i3-1125G4 (2.00 GHz up to 3.70 GHz),RAM & Storage: 8GB DDR4 (2 DIMM Slots) & 256GB SSD,"Display: 14.0"" FHD WVA Truelife Touch Narrow Border 60Hz",,,,,,,,,
HP 14s Intel Core i3 11th Gen,4.2,3451,315,41990,49509,Intel Core i3 Processor (11th Gen),8 GB DDR4 RAM,512 GB SSD,,,,,,,,,
DELL Core i5 12th Gen,3.5,11,1,57990,75649,Processor: Intel i5-1235U (Base- 3.30 GHz & Turbo up to 4.40 GHz) 10 Cores,RAM & Storage: 8GB DDR4 & 512GB SSD,"Display: 15.6"" FHD WVA AG 120Hz 250 nits Narrow Border",,,,,,,,,
HP Ryzen 3 Quad Core 5300U,4.2,1824,198,38490,45991,AMD Ryzen 3 Quad Core Processor,8 GB DDR4 RAM,512 GB SSD,,,,,,,,,
HP Pavilion Ryzen 5 Hexa Core 5625U,5,3,1,61990,69082,AMD Ryzen 5 Hexa Core Processor,16 GB DDR4 RAM,512 GB SSD,,,,,,,,,
Lenovo IdeaPad 3 Core i3 10th Gen,4.3,6,1,33990,59390,Intel Core i3 Processor (10th Gen),8 GB DDR4 RAM,256 GB SSD,,,,,,,,,
acer Extensa Core i3 11th Gen,4.3,362,33,32990,39999,Intel Core i3 Processor (11th Gen),8 GB DDR4 RAM,256 GB SSD,,,,,,,,,
Lenovo IdeaPad 3 Core i3 10th Gen,4.3,8,0,31990,53790,Intel Core i3 Processor (10th Gen),4 GB DDR4 RAM,256 GB SSD,,,,,,,,,
ASUS VivoBook K15 OLED (2022) Ryzen 5 Hexa Core AMD R5,4.4,1128,131,53990,78990,AMD Ryzen 5 Hexa Core Processor,8 GB DDR4 RAM,1 TB HDD|256 GB SSD,,,,,,,,,
HP 15s Intel Core i3 12th Gen,4.2,39,8,47490,56260,Intel Core i3 Processor (12th Gen),8 GB DDR4 RAM,512 GB SSD,,,,,,,,,
ASUS Vivobook Pro 15 Ryzen 7 Octa Core AMD R7,4.5,755,93,59990,82990,AMD Ryzen 7 Octa Core Processor,16 GB DDR4 RAM,512 GB SSD,,,,,,,,,
realme Book(Slim) Intel Evo Core i5 11th Gen,4.4,7067,949,59990,69999,Powered by 11th Gen Intel Evo Core i5 Processor,Microsoft Office 2019 Home & Student Included,Intel Core i5 Processor (11th Gen),,,,,,,,,
ASUS Vivobook 15 Core i5 11th Gen,4.3,121,13,50990,69990,Intel Core i5 Processor (11th Gen),8 GB DDR4 RAM,512 GB SSD,,,,,,,,,
ASUS Vivobook 15 Core i5 12th Gen,3.5,11,1,59490,72990,Intel Core i5 Processor (12th Gen),8 GB DDR4 RAM,512 GB SSD,,,,,,,,,
ASUS Vivobook 15 Touch Core i5 11th Gen,4.3,135,14,51990,74990,Intel Core i5 Processor (11th Gen),8 GB DDR4 RAM,512 GB SSD,,,,,,,,,
Lenovo Ryzen 5 Hexa Core 5600H,0,0,0,59490,89490,AMD Ryzen 5 Hexa Core Processor,8 GB DDR4 RAM,256 GB SSD,,,,,,,,,
ASUS VivoBook K15 OLED (2022) Core i3 11th Gen,4.5,605,86,45990,62990,Intel Core i3 Processor (11th Gen),8 GB DDR4 RAM,512 GB SSD,,,,,,,,,
ASUS VivoBook 14 (2022) Ryzen 5 Quad Core AMD R5,4.2,391,35,38990,57990,AMD Ryzen 5 Quad Core Processor,8 GB DDR4 RAM,512 GB SSD,,,,,,,,,
ASUS Vivobook 14 (2022) Core i5 12th Gen,4.2,10,1,56990,70990,Intel Core i5 Processor (12th Gen),8 GB DDR4 RAM,512 GB SSD,,,,,,,,,
ASUS Vivobook 15 Core i5 11th Gen,4.2,149,15,50990,69990,Intel Core i5 Processor (11th Gen),8 GB DDR4 RAM,512 GB SSD,,,,,,,,,
Lenovo Ideapad Gaming 3 Ryzen 5 Hexa Core AMD R5,4.4,424,58,58490,76890,AMD Ryzen 5 Hexa Core Processor,8 GB DDR4 RAM,512 GB SSD,,,,,,,,,
ASUS VivoBook K15 OLED Ryzen 5 Hexa Core AMD R5,4.5,742,79,58990,80990,AMD Ryzen 5 Hexa Core Processor,16 GB DDR4 RAM,512 GB SSD,,,,,,,,,
HP Victus Ryzen 5 Hexa Core 5600H,5,5,1,59990,76021,AMD Ryzen 5 Hexa Core Processor,8 GB DDR4 RAM,512 GB SSD,,,,,,,,,
DELL Inspiron Ryzen 5 Hexa Core 5625U,4.2,18,4,52490,69031,Processor: R5-5625U (2.30 GHz up to 4.30 GHz),RAM & Storage: 8GB DDR4 & 512GB SSD,Software: Win 11 + Office H&S 2021,,,,,,,,,
acer Aspire Core i3 12th Gen,4.3,34,6,42990,54999,Intel Core i3 Processor (12th Gen),8 GB DDR4 RAM,512 GB SSD,,,,,,,,,
DELL Core i5 12th Gen,3.4,11,0,57990,80473,Processor: Intel i5-1235U (Base- 3.30 GHz & Turbo up to 4.40 GHz) 10 Cores,RAM & Storage: 8GB DDR4 & 1TB + 256GB SSD,"Display: 15.6"" FHD WVA AG 120Hz 250 nits Narrow Border",,,,,,,,,
Lenovo IdeaPad Ryzen 5 Hexa Core 5500U,4.6,7,0,48990,90990,AMD Ryzen 5 Hexa Core Processor,8 GB DDR4 RAM,512 GB SSD,,,,,,,,,
MSI Core i5 11th Gen,4.4,2501,314,63990,83990,Intel Core i5 Processor (11th Gen),8 GB DDR4 RAM,512 GB SSD,,,,,,,,,
Lenovo IdeaPad Core i5 11th Gen,4.3,2543,215,54990,83890,Intel Core i5 Processor (11th Gen),8 GB DDR4 RAM,512 GB SSD,,,,,,,,,
ASUS VivoBook K15 OLED (2022) Core i5 11th Gen,4.3,639,84,64990,85990,Intel Core i5 Processor (11th Gen),16 GB DDR4 RAM,1 TB HDD|256 GB SSD,,,,,,,,,
ASUS Vivobook Pro 15 OLED Ryzen 7 Octa Core AMD R7,4.5,618,92,65990,88990,AMD Ryzen 7 Octa Core Processor,16 GB DDR4 RAM,512 GB SSD,,,,,,,,,
Lenovo IdeaPad 3 Core i3 10th Gen,4.3,8,0,31990,53790,Intel Core i3 Processor (10th Gen),4 GB DDR4 RAM,256 GB SSD,,,,,,,,,
ASUS Vivobook 14 (2022) Core i5 12th Gen,4.8,14,3,66990,82990,Intel Core i5 Processor (12th Gen),16 GB DDR4 RAM,512 GB SSD,,,,,,,,,
acer Aspire 7 Ryzen 5 Hexa Core AMD R5,4.4,5461,670,54990,76999,Free upgrade to Windows 11 when available,AMD Ryzen 5 Hexa Core Processor,64 bit Windows 11 Operating System,,,,,,,,,
ASUS Vivobook 16X Ryzen 5 Hexa Core R5,4.9,7,0,54990,74990,AMD Ryzen 5 Hexa Core Processor,16 GB DDR4 RAM,512 GB SSD,,,,,,,,,
realme Book(Slim) Intel Evo Core i5 11th Gen,4.4,7067,949,59990,69999,Powered by 11th Gen Intel Evo Core i5 Processor,Microsoft Office 2019 Home & Student Included,Intel Core i5 Processor (11th Gen),,,,,,,,,
ASUS Vivobook 14 Pentium Quad Core,0,0,0,32311,40990,Intel Pentium Quad Core Processor,8 GB DDR4 RAM,256 GB SSD,,,,,,,,,
ASUS TUF Gaming F15 Core i5 10th Gen,4.5,116,7,65990,84990,Intel Core i5 Processor (10th Gen),8 GB DDR4 RAM,1 TB SSD,,,,,,,,,
acer Extensa Core i3 11th Gen,4.1,709,79,34990,43999,Intel Core i3 Processor (11th Gen),8 GB DDR4 RAM,512 GB SSD,,,,,,,,,
ASUS VivoBook K15 OLED Ryzen 7 Octa Core AMD R7,4.3,1008,124,63990,86990,AMD Ryzen 7 Octa Core Processor,16 GB DDR4 RAM,512 GB SSD,,,,,,,,,
ASUS VivoBook Flip 14 Core i3 11th Gen,4.4,124,10,44990,63990,Intel Core i3 Processor (11th Gen),8 GB LPDDR4X RAM,256 GB SSD,,,,,,,,,
acer Aspire 3 Dual Core 3020e,4.1,656,60,24990,34999,AMD Dual Core Processor,4 GB DDR4 RAM,256 GB SSD,,,,,,,,,
HP Pavilion Intel Core i5 12th Gen,4.2,124,11,63990,73688,Intel Core i5 Processor (12th Gen),8 GB DDR4 RAM,512 GB SSD,,,,,,,,,
ASUS TUF Gaming A15 Ryzen 5 Hexa Core AMD R5,4.5,248,24,65990,75990,AMD Ryzen 5 Hexa Core Processor,8 GB DDR4 RAM,1 TB SSD,,,,,,,,,
ASUS TUF Gaming F15 Core i5 10th Gen,4.4,147,14,65990,84990,Intel Core i5 Processor (10th Gen),8 GB DDR4 RAM,1 TB SSD,,,,,,,,,
Lenovo IdeaPad Core i5 11th Gen,4.4,41,3,59990,97890,Intel Core i5 Processor (11th Gen),16 GB DDR4 RAM,512 GB SSD,,,,,,,,,
ASUS VivoBook K15 OLED Ryzen 7 Octa Core AMD R7,4.3,1008,124,63990,86990,AMD Ryzen 7 Octa Core Processor,16 GB DDR4 RAM,512 GB SSD,,,,,,,,,
HP Victus Ryzen 7 Octa Core 5800H,0,0,0,66990,90056,AMD Ryzen 7 Octa Core Processor,8 GB DDR4 RAM,512 GB SSD,,,,,,,,,
ASUS VivoBook 15 (2022) Core i5 10th Gen,4.3,6061,519,46990,62990,Intel Core i5 Processor (10th Gen),8 GB DDR4 RAM,512 GB SSD,,,,,,,,,
Lenovo Intel Core i3 11th Gen,4,22,0,40990,61390,Intel Core i3 Processor (11th Gen),8 GB DDR4 RAM,512 GB SSD,,,,,,,,,
HP Victus Ryzen 5 Hexa Core 5600H,5,5,1,59990,76021,AMD Ryzen 5 Hexa Core Processor,8 GB DDR4 RAM,512 GB SSD,,,,,,,,,
ASUS VivoBook 14 (2022) Core i3 12th Gen,4.1,31,5,47990,62990,Intel Core i3 Processor (12th Gen),8 GB DDR4 RAM,512 GB SSD,,,,,,,,,
ASUS VivoBook Flip 14 Core i3 11th Gen,4,141,21,49990,69990,Intel Core i3 Processor (11th Gen),8 GB LPDDR4X RAM,512 GB SSD,,,,,,,,,
DELL Inspiron Ryzen 3 Dual Core 3250U,4.3,76,3,41190,54435,AMD Ryzen 3 Dual Core Processor,8 GB DDR4 RAM,512 GB SSD,,,,,,,,,
HP Laptop with Backlit Keyboard Core i3 11th Gen,4.4,37,5,43499,51724,Intel Core i3 Processor (11th Gen),8 GB DDR4 RAM,512 GB SSD,,,,,,,,,
Lenovo IdeaPad 3 Core i3 10th Gen,4.3,8,0,31990,53790,Intel Core i3 Processor (10th Gen),4 GB DDR4 RAM,256 GB SSD,,,,,,,,,
ASUS Core i3 12th Gen,3.9,18,6,44990,54990,Intel Core i3 Processor (12th Gen),8 GB DDR4 RAM,256 GB SSD,,,,,,,,,
ASUS VivoBook Ultra Ryzen 7 Octa Core AMD R7,4.3,74,7,57990,84990,AMD Ryzen 7 Octa Core Processor,8 GB DDR4 RAM,512 GB SSD,,,,,,,,,
Lenovo Ideapad Slim 3 Core i3 10th Gen,4.4,228,22,35990,61490,Intel Core i3 Processor (10th Gen),8 GB DDR4 RAM,512 GB SSD,,,,,,,,,
realme Book(Slim) Intel Evo Core i5 11th Gen,4.4,7067,949,59990,69999,Powered by 11th Gen Intel Evo Core i5 Processor,Microsoft Office 2019 Home & Student Included,Intel Core i5 Processor (11th Gen),,,,,,,,,
DELL Ryzen 3 Quad Core 5425U,4.4,41,2,41490,56834,Processor: R3-5425U (2.70 GHz up to 4.1 GHz),RAM & Storage: 8GB DDR4 & 512GB SSD,Software: Win 11 + Office H&S 2021,,,,,,,,,
Lenovo IdeaPad Gaming 3 Core i5 11th Gen,4.4,373,39,64990,93690,Intel Core i5 Processor (11th Gen),8 GB DDR4 RAM,512 GB SSD,,,,,,,,,
ASUS VivoBook K15 OLED (2022) Core i3 11th Gen,4.4,1412,240,42990,58990,Intel Core i3 Processor (11th Gen),8 GB DDR4 RAM,256 GB SSD,,,,,,,,,
Infinix INBook X2 Plus Core i3 11th Gen,4.1,77,12,37990,44990,Intel Core i3 Processor (11th Gen),8 GB LPDDR4X RAM,256 GB SSD,,,,,,,,,
ASUS VivoBook Flip 14 Core i5 11th Gen,4.8,20,1,63990,82990,Intel Core i5 Processor (11th Gen),8 GB LPDDR4X RAM,512 GB SSD,,,,,,,,,
ASUS Chromebook Flip Touch Celeron Dual Core,4,1741,274,15990,31990,Intel Celeron Dual Core Processor,4 GB LPDDR4 RAM,29.46 cm (11.6 inch) Touchscreen Display,,,,,,,,,
MSI Core i7 12th Gen,0,0,0,68490,83990,Intel Core i7 Processor (12th Gen),16 GB DDR4 RAM,512 GB SSD,,,,,,,,,
ASUS Ryzen 5 Hexa Core,4.6,20,4,54990,72994,AMD Ryzen 5 Hexa Core Processor,8 GB DDR4 RAM,512 GB SSD,,,,,,,,,
DELL Inspiron Pentium Silver,4.1,328,32,32000,44319,Processor: Intel PQC-N5030 (1.10 GHz up to 3.10 GHz),RAM & Storage: 8GB DDR4 & 256GB SSD,Software: Win 11 + Office H&S 2021,,,,,,,,,
ASUS Vivobook Pro 15 OLED Ryzen 7 Octa Core AMD R7,4.5,618,92,65990,88990,AMD Ryzen 7 Octa Core Processor,16 GB DDR4 RAM,512 GB SSD,,,,,,,,,
DELL Inspiron Core i3 12th Gen,3.8,10,4,61390,78145,Processor: Intel i3-1215U (0.9 GHz up to 4.40 GHz), 6 Cores, 10MB CPU Cache, 1x8GB, DDR4, 3200MHz, 512GB SSD,Graphics: Integrated, Keyboard: Backlit Keyboard + Fingerprint Reader,https://rukminim1.flixcart.com/image/312/312/l5fnhjk0/computer/4/d/z/inspiron-7420-thin-and-light-laptop-dell-original-imagg45kbtghzthr.jpeg?q=70,,
DELL Inspiron Core i3 11th Gen,4.2,424,35,40990,57245,Processor-i3-1115G4 Processor upto 4.1 GHz Speed,RAM & Storage: 8GB DDR4, 256GB SSD,2x USB 3.2 Gen1 ,1x USB 2.0, HDMI 1.4, SD Card reader, Audio jack, 1 M.2 2230/2280 Slot,https://rukminim1.flixcart.com/image/312/312/krdtlzk0/computer/l/k/r/na-laptop-dell-original-imag57f9psmfjcxs.jpeg?q=70,,
Lenovo IdeaPad Slim 5 Ryzen 7 Hexa Core 5700U,0,0,0,65990,93690,AMD Ryzen 7 Hexa Core Processor,16 GB DDR4 RAM,512 GB SSD,,,,,,,,,
Lenovo IdeaPad 3 Core i3 11th Gen,4.2,4491,438,40990,59390,Intel Core i3 Processor (11th Gen),8 GB DDR4 RAM,512 GB SSD,,,,,,,,,
Lenovo IdeaPad 3 Ryzen 5 Hexa Core 5500U,4.3,1568,181,48990,68490,AMD Ryzen 5 Hexa Core Processor,8 GB DDR4 RAM,512 GB SSD,,,,,,,,,
Lenovo IdeaPad 1 Ryzen 3 Dual Core 3250U,4.2,744,75,37990,54490,AMD Ryzen 3 Dual Core Processor,8 GB DDR4 RAM,512 GB SSD,,,,,,,,,
Infinix INBook X1 Core i5 10th Gen,4.1,1686,261,47999,59999,Intel Core i5 Processor (10th Gen),8 GB LPDDR4X RAM,512 GB SSD,,,,,,,,,
Lenovo IdeaPad 3 Ryzen 5 Hexa Core 5500U,4.3,1568,181,48990,68490,AMD Ryzen 5 Hexa Core Processor,8 GB DDR4 RAM,512 GB SSD,,,,,,,,,
Lenovo IdeaPad 1 Ryzen 3 Dual Core 3250U,4.2,744,75,37990,54490,AMD Ryzen 3 Dual Core Processor,8 GB DDR4 RAM,512 GB SSD,,,,,,,,,
Lenovo IdeaPad 3 Core i3 10th Gen,4.3,8,0,31990,53790,Intel Core i3 Processor (10th Gen),4 GB DDR4 RAM,256 GB SSD,,,,,,,,,
ASUS Vivobook 14 Core i5 10th Gen,3.5,11,3,49490,73990,Intel Core i5 Processor (10th Gen),16 GB DDR4 RAM,512 GB SSD,,,,,,,,,
ASUS Eeebook 14 Pentium Quad Core,0,0,0,28990,40990,Intel Pentium Quad Core Processor,8 GB DDR4 RAM,256 GB SSD,,,,,,,,,
ASUS Vivobook 14 (2022) Core i5 12th Gen,5,4,0,66990,82990,Intel Core i5 Processor (12th Gen),16 GB DDR4 RAM,512 GB SSD,,,,,,,,,
realme Book(Slim) Intel Evo Core i5 11th Gen,4.4,7067,949,59990,69999,Powered by 11th Gen Intel Evo Core i5 Processor,Microsoft Office 2019 Home & Student Included,Intel Core i5 Processor (11th Gen),,,,,,,,,
Lenovo V15 G2 Core i5 11th Gen,0,0,0,49490,81450,Intel Core i5 Processor (11th Gen),8 GB DDR4 RAM,512 GB SSD,,,,,,,,,
DELL Inspiron Ryzen 3 Dual Core 3250U,4.5,11,0,36690,52433,AMD Ryzen 3 Dual Core Processor,8 GB DDR4 RAM,256 GB SSD,,,,,,,,,
ASUS EeeBook 14 with NumberPad Pentium Silver,4.1,104,13,27990,40990,Intel Pentium Silver Processor,8 GB DDR4 RAM,256 GB SSD,,,,,,,,,
acer Aspire Ryzen 5 Quad Core 3500U,4.2,325,40,35990,54999,AMD Ryzen 5 Quad Core Processor,8 GB DDR4 RAM,512 GB SSD,,,,,,,,,
Lenovo Core i3 11th Gen,0,0,0,38790,58680,Intel Core i3 Processor (11th Gen),8 GB DDR4 RAM,1 TB HDD|256 GB SSD,,,,,,,,,
acer Extensa 15 Core i3 11th Gen,4.1,188,26,32490,44999,Intel Core i3 Processor (11th Gen),4 GB DDR4 RAM,256 GB SSD,,,,,,,,,
DELL Inspiron Ryzen 3 Quad Core 5425U,3.9,8,0,44190,56748,AMD Ryzen 3 Quad Core Processor,8 GB DDR4 RAM,512 GB SSD,,,,,,,,,
ASUS VivoBook 14 (2022) Core i3 12th Gen,4.2,40,9,47990,62990,Intel Core i3 Processor (12th Gen),8 GB DDR4 RAM,512 GB SSD,,,,,,,,,
ASUS Vivobook Ultra 14 (2022) Core i3 11th Gen,4.3,364,39,40990,58990,Intel Core i3 Processor (11th Gen),8 GB DDR4 RAM,512 GB SSD,,,,,,,,,
Infinix X1 Slim Series Core i3 10th Gen,4.3,4244,565,35990,49999,Intel Core i3 Processor (10th Gen),8 GB LPDDR4X RAM,256 GB SSD,,,,,,,,,
DELL Vostro Core i3 10th Gen,4,207,30,41990,54783,Intel Core i3 Processor (10th Gen),8 GB DDR4 RAM,512 GB SSD,,,,,,,,,
realme Book (Slim) Core i3 11th Gen,4.4,12395,1847,46990,54999,Stylish & Portable Thin and Light Laptop,14 inch 2K QHD, IPS LCD Display ( 400nits peak brightness, 3:2 aspect ratio, Full Vision Display),Light Laptop without Optical Disk Drive,https://rukminim1.flixcart.com/image/312/312/ksez24w0/computer/h/8/9/rmnb1001-thin-and-light-laptop-realme-original-imag5zhgcstmjbxg.jpeg?q=70,,,,,
ASUS Vivobook 14 (2022) Core i3 12th Gen,0,0,0,49990,62990,Intel Core i3 Processor (12th Gen),8 GB DDR4 RAM,512 GB SSD,,,,,,,,,
Lenovo IdeaPad 3 Core i5 11th Gen,4.2,268,21,55490,71990,Intel Core i5 Processor (11th Gen),8 GB DDR4 RAM,512 GB SSD,,,,,,,,,
ASUS VivoBook K15 OLED (2022) Core i3 11th Gen,4.4,1412,240,55000,58990,Intel Core i3 Processor (11th Gen),8 GB DDR4 RAM,256 GB SSD,,,,,,,,,
DELL Core i3 12th Gen,0,0,0,56749,73735,Processor: Intel i3-1215U (0.9 GHz up to 4.40 GHz), 6 Cores & 10 MB CPU Cache,RAM & Storage: 8GB, DDR4, 3200MHz & 256GB SSD,Graphics: Integrated, Keyboard: Backlit Keyboard + Fingerprint Reader,https://rukminim1.flixcart.com/image/312/312/xif0q/computer/e/k/e/-original-imagkz7pm2gzedte.jpeg?q=70,,,,
HP 255 G8 Ryzen 3 Dual Core AMD Ryzen3 3250,4.5,4,0,34190,44912,AMD Ryzen 3 Dual Core Processor,8 GB DDR4 RAM,512 GB SSD,,,,,,,,,
ASUS VivoBook Flip 14 Core i3 11th Gen,4.4,124,10,44990,66990,Intel Core i3 Processor (11th Gen),8 GB LPDDR4X RAM,256 GB SSD,,,,,,,,,
HP Ryzen 7 Octa Core 5700U,4,6,0,64990,71766,AMD Ryzen 7 Octa Core Processor,16 GB DDR4 RAM,512 GB SSD,,,,,,,,,
Lenovo IdeaPad 3 Core i3 10th Gen,4.3,8,0,31990,53790,Intel Core i3 Processor (10th Gen),4 GB DDR4 RAM,256 GB SSD,,,,,,,,,
HP Ryzen 5 Hexa Core 5500U,4.2,1884,194,46329,61388,AMD Ryzen 5 Hexa Core Processor,8 GB DDR4 RAM,512 GB SSD,,,,,,,,,
Lenovo Core i3 11th Gen,4,47,2,40990,90990,Intel Core i3 Processor (11th Gen),8 GB DDR4 RAM,512 GB SSD,,,,,,,,,
acer Nitro 5 Ryzen 5 Hexa Core 5600H,4.5,298,28,63990,95999,AMD Ryzen 5 Hexa Core Processor,16 GB DDR4 RAM,512 GB SSD,,,,,,,,,
realme Book(Slim) Intel Evo Core i5 11th Gen,4.4,7067,949,59990,69999,Powered by 11th Gen Intel Evo Core i5 Processor,Microsoft Office 2019 Home & Student Included,Intel Core i5 Processor (11th Gen),,,,,,,,,
DELL Core i3 11th Gen,4.2,67,6,60900,73600,Intel Core i3 Processor (11th Gen),8 GB DDR4 RAM,512 GB SSD,,,,,,,,,
DELL Core i3 11th Gen,0,0,0,45990,58200,Intel Core i3 Processor (11th Gen),8 GB DDR4 RAM,512 GB SSD,,,,,,,,,
HP 15s Intel Core i3 11th Gen,4.4,79,11,39890,47264,Intel Core i3 Processor (11th Gen),8 GB DDR4 RAM,256 GB SSD,,,,,,,,,
ASUS Core i3 10th Gen,4.4,91,9,33990,50990,Intel Core i3 Processor (10th Gen),8 GB DDR4 RAM,512 GB SSD,,,,,,,,,
Infinix X1 Slim Series Core i5 10th Gen,4.2,396,67,49990,64999,Intel Core i5 Processor (10th Gen),16 GB LPDDR4X RAM,512 GB SSD,,,,,,,,,
DELL Vostro Ryzen 3 Dual Core R3,3.8,449,54,36400,50651,Processor: AMD Ryzen 3-3250U (2.60 GHz up to 3.50 GHz),RAM & Storage: 8GB DDR4 (2 DIMM Slots) & 1TB HDD,"Display: 14.0"" FHD WVA AG Narrow Border",,,,,,,,,
Lenovo IdeaPad 1 Ryzen 5 Quad Core 3500U,4.2,658,75,45490,60090,AMD Ryzen 5 Quad Core Processor,8 GB DDR4 RAM,512 GB SSD,,,,,,,,,
Lenovo Ideapad AMD Ryzen 5 Hexa Core 5500U,4.5,17,4,48990,68490,AMD Ryzen 5 Hexa Core Processor,8 GB DDR4 RAM,512 GB SSD,,,,,,,,,
HP Intel Core i3 11th Gen,4.4,5462,575,40990,45892,Intel Core i3 Processor (11th Gen),8 GB DDR4 RAM,256 GB SSD,,,,,,,,,
ASUS Core i3 11th Gen,4,102,13,33990,44990,Intel Core i3 Processor (11th Gen),4 GB DDR4 RAM,256 GB SSD,,,,,,,,,
DELL Inspiron Core i3 10th Gen,4.4,683,66,39890,44634,Intel Core i3 Processor (10th Gen),4 GB DDR4 RAM,256 GB SSD,,,,,,,,,
HP Ryzen 7 Octa Core 5700U,4.2,117,13,60990,73625,AMD Ryzen 7 Octa Core Processor,8 GB DDR4 RAM,512 GB SSD,,,,,,,,,
acer Nitro 5 Ryzen 5 Hexa Core 4600H,4.5,2345,270,61490,99999,Free upgrade to Windows 11 when available,AMD Ryzen 5 Hexa Core Processor,64 bit Windows 10 Operating System,,,,,,,,,
HP 15s Intel Core i3 11th Gen,4.3,1588,148,44650,50982,Intel Core i3 Processor (11th Gen),8 GB DDR4 RAM,512 GB SSD,,,,,,,,,
DELL Core i5 11th Gen,4.2,166,14,67990,75826,NVIDIA RTX 3050 Graphics upto 90W TGP,15.6 inch Full HD AG Display (250 nits Brightness, 120Hz,Intel Core i5 Processor (11th Gen),https://rukminim1.flixcart.com/image/312/312/xif0q/computer/y/9/l/-original-imaghzahumgmsmj5.jpeg?q=70,,,,,,,
Infinix INBook X2 Plus Core i3 11th Gen,4.1,146,32,40990,49990,Intel Core i3 Processor (11th Gen),8 GB LPDDR4X RAM,512 GB SSD,,,,,,,,,
ASUS Core i3 12th Gen,3.8,4,2,42990,57990,Intel Core i3 Processor (12th Gen),8 GB DDR4 RAM,512 GB SSD,,,,,,,,,
HP Core i3 11th Gen,0,0,0,43250,51724,Intel Core i3 Processor (11th Gen),8 GB DDR4 RAM,512 GB SSD,,,,,,,,,
ASUS Ryzen 3 Dual Core,0,0,0,33990,48990,AMD Ryzen 3 Dual Core Processor,8 GB DDR4 RAM,256 GB SSD,,,,,,,,,
Lenovo IdeaPad 3 Core i3 10th Gen,4.3,8,0,31990,53790,Intel Core i3 Processor (10th Gen),4 GB DDR4 RAM,256 GB SSD,,,,,,,,,
Infinix INBook X1 Neo Series Celeron Quad Core,4.2,3431,500,24999,39990,Intel Celeron Quad Core Processor,8 GB LPDDR4X RAM,256 GB SSD,,,,,,,,,
Lenovo IdeaPad Gaming 3 Ryzen 5 Hexa Core AMD R5,4.1,34,5,65990,95790,AMD Ryzen 5 Hexa Core Processor,8 GB DDR4 RAM,512 GB SSD,,,,,,,,,
Infinix X1 Slim Series Core i7 10th Gen,3.7,111,27,54990,69999,Intel Core i7 Processor (10th Gen),16 GB LPDDR4X RAM,512 GB SSD,,,,,,,,,
realme Book(Slim) Intel Evo Core i5 11th Gen,4.4,7067,949,59990,69999,Powered by 11th Gen Intel Evo Core i5 Processor,Microsoft Office 2019 Home & Student Included,Intel Core i5 Processor (11th Gen),,,,,,,,,
acer Aspire 7 Core i5 12th Gen,4.3,2969,346,57990,83999,Intel Core i5 Processor (12th Gen),8 GB DDR4 RAM,512 GB SSD,,,,,,,,,
DELL Inspiron Core i5 11th Gen,4.1,75,9,69890,87600,Intel Core i5 Processor (11th Gen),16 GB DDR4 RAM,512 GB SSD,,,,,,,,,
Lenovo IdeaPad 3 Core i3 11th Gen,0,0,0,37490,61590,Intel Core i3 Processor (11th Gen),8 GB DDR4 RAM,256 GB SSD,,,,,,,,,
DELL Inspiron Core i5 12th Gen,0,0,0,65390,85751,Intel Core i5 Processor (12th Gen),8 GB DDR4 RAM,512 GB SSD,,,,,,,,,
Lenovo IdeaPad 3 Core i5 12th Gen,4.2,236,20,62490,76890,Intel Core i5 Processor (12th Gen),8 GB DDR4 RAM,512 GB SSD,,,,,,,,,
Lenovo IdeaPad Flex 5 Ryzen 5 Hexa Core 5500U,0,0,0,63990,95090,AMD Ryzen 5 Hexa Core Processor,16 GB LPDDR4X RAM,512 GB SSD,,,,,,,,,
HP Victus Ryzen 7 Octa Core 5800H,0,0,0,68990,86547,AMD Ryzen 7 Octa Core Processor,8 GB DDR4 RAM,512 GB SSD,,,,,,,,,
ASUS VivoBook Flip 14 Core i3 11th Gen,4,141,21,49990,67990,Intel Core i3 Processor (11th Gen),8 GB LPDDR4X RAM,512 GB SSD,,,,,,,,,
Infinix X1 Slim Series Core i5 10th Gen,4.2,697,100,44990,59999,Intel Core i5 Processor (10th Gen),8 GB LPDDR4X RAM,512 GB SSD,,,,,,,,,
Vaio E Series Ryzen 5 Quad Core 3500U,4,706,141,41990,66990,AMD Ryzen 5 Quad Core Processor,8 GB DDR4 RAM,512 GB SSD,,,,,,,,,
ASUS Vivobook Ultra 14 (2022) Core i3 11th Gen,4.3,364,39,40990,58990,Intel Core i3 Processor (11th Gen),8 GB DDR4 RAM,512 GB SSD,,,,,,,,,
DELL Inspiron Core i5 11th Gen,4.2,17,3,49890,90783,Intel Core i5 Processor (11th Gen),16 GB DDR4 RAM,512 GB SSD,,,,,,,,,
DELL Inspiron Core i3 11th Gen,3.7,683,86,39690,51493,Intel Core i3 Processor (11th Gen),8 GB DDR4 RAM,1 TB HDD,,,,,,,,,
acer Aspire Vero (Green PC) Core i5 11th Gen,0,0,0,54990,79999,Intel Core i5 Processor (11th Gen),16 GB DDR4 RAM,512 GB SSD,,,,,,,,,
ASUS Vivobook 15 Core i3 11th Gen,4.4,35,1,39990,56990,Intel Core i3 Processor (11th Gen),8 GB DDR4 RAM,512 GB SSD,,,,,,,,,
Infinix INBook X1 Neo Series Celeron Quad Core,4.1,738,121,20990,29990,Intel Celeron Quad Core Processor,4 GB LPDDR4X RAM,128 GB SSD,,,,,,,,,
HP G8 Core i3 11th Gen,4,40,2,34690,45743,Intel Core i3 Processor (11th Gen),8 GB DDR4 RAM,512 GB SSD,,,,,,,,,
realme Book (Slim) Core i3 11th Gen,4.4,12395,1847,46990,54999,Stylish & Portable Thin and Light Laptop,14 inch 2K QHD, IPS LCD Display ( 400nits peak brightness, 3:2 aspect ratio, Full Vision Display),Light Laptop without Optical Disk Drive,https://rukminim1.flixcart.com/image/312/312/ksez24w0/computer/v/b/y/rmnb1001-thin-and-light-laptop-realme-original-imag5zhgw27k4tbb.jpeg?q=70,,,,,
DELL Inspiron Core i5 11th Gen,3.7,10,0,57990,73171,Intel Core i5 Processor (11th Gen),8 GB DDR4 RAM,512 GB SSD,,,,,,,,,
Lenovo IdeaPad 3 Core i3 10th Gen,4.3,8,0,31990,53790,Intel Core i3 Processor (10th Gen),4 GB DDR4 RAM,256 GB SSD,,,,,,,,,
DELL Inspiron Core i3 11th Gen,4.3,245,30,61900,72600,Intel Core i3 Processor (11th Gen),8 GB DDR4 RAM,512 GB SSD,,,,,,,,,
acer Aspire 5 Core i5 12th Gen,0,0,0,57990,74999,Intel Core i5 Processor (12th Gen),8 GB DDR4 RAM,512 GB SSD,,,,,,,,,
DELL Inspiron Core i3 11th Gen,3.1,15,3,44290,55047,Intel Core i3 Processor (11th Gen),8 GB DDR4 RAM,512 GB SSD,,,,,,,,,
realme Book(Slim) Intel Evo Core i5 11th Gen,4.4,7067,949,59990,69999,Powered by 11th Gen Intel Evo Core i5 Processor,Microsoft Office 2019 Home & Student Included,Intel Core i5 Processor (11th Gen),,,,,,,,,
ASUS Vivobook K15 OLED Ryzen 5 Hexa Core AMD R5,4.5,742,79,58990,80990,AMD Ryzen 5 Hexa Core Processor,16 GB DDR4 RAM,512 GB SSD,,,,,,,,,
DELL Vostro Core i3 10th Gen,4.2,50,4,42490,57858,Intel Core i3 Processor (10th Gen),4 GB DDR4 RAM,1 TB HDD|256 GB SSD,,,,,,,,,
HP 15s Core i3 11th Gen,0,0,0,37770,48052,Intel Core i3 Processor (11th Gen),8 GB DDR4 RAM,256 GB SSD,,,,,,,,,
Lenovo IdeaPad Ryzen 5 Hexa Core 5500U,4.1,54,10,50990,67990,AMD Ryzen 5 Hexa Core Processor,8 GB DDR4 RAM,512 GB SSD,,,,,,,,,
DELL Core i5 12th Gen,4,7,0,61490,79928,Intel Core i5 Processor (12th Gen),8 GB DDR4 RAM,1 TB HDD|256 GB SSD,,,,,,,,,
HP Pavilion Gaming Ryzen 5 Quad Core 3550H,4.4,2207,248,59990,0,AMD Ryzen 5 Quad Core Processor,8 GB DDR4 RAM,512 GB SSD,,,,,,,,,
ASUS VivoBook K15 OLED Ryzen 7 Octa Core AMD R7,4.6,58,7,63990,86990,AMD Ryzen 7 Octa Core Processor,16 GB DDR4 RAM,512 GB SSD,,,,,,,,,
DELL Ryzen 3 Quad Core 5425U,4.6,7,1,43490,55384,AMD Ryzen 3 Quad Core Processor,8 GB DDR4 RAM,512 GB SSD,,,,,,,,,
DELL Vostro Core i3 11th Gen,4.1,9,1,42890,44427,Intel Core i3 Processor (11th Gen),8 GB DDR4 RAM,256 GB SSD,,,,,,,,,
Lenovo IdeaPad 3 Celeron Dual Core 4th Gen,4.1,933,93,25990,40490,Intel Celeron Dual Core Processor (4th Gen),4 GB DDR4 RAM,256 GB SSD,,,,,,,,,
Infinix X1 Slim Series Core i3 10th Gen,4.3,4244,565,35990,49999,Intel Core i3 Processor (10th Gen),8 GB LPDDR4X RAM,256 GB SSD,,,,,,,,,
HP 15s Intel Core i3 11th Gen,4.2,230,18,41999,47834,Intel Core i3 Processor (11th Gen),8 GB DDR4 RAM,512 GB SSD,,,,,,,,,
Lenovo IdeaPad 3 Core i5 12th Gen,4.1,78,10,66490,82490,Intel Core i5 Processor (12th Gen),16 GB DDR4 RAM,512 GB SSD,,,,,,,,,
DELL Vostro Core i3 10th Gen,4.2,904,106,42490,54781,Intel Core i3 Processor (10th Gen),8 GB DDR4 RAM,1 TB HDD|256 GB SSD,,,,,,,,,
Lenovo Core i3 11th Gen,4.1,26,2,40699,55695,Intel Core i3 Processor (11th Gen),8 GB DDR4 RAM,512 GB SSD,,,,,,,,,
ASUS TUF Gaming A17 Ryzen 5 Hexa Core AMD R5,4.5,531,92,64590,81990,AMD Ryzen 5 Hexa Core Processor,8 GB DDR4 RAM,512 GB SSD,,,,,,,,,
Lenovo Ryzen 3 Dual Core 3250U,3.6,84,16,31490,36923,AMD Ryzen 3 Dual Core Processor,4 GB DDR4 RAM,1 TB HDD,,,,,,,,,
DELL Inspiron Ryzen 3 Dual Core 3250U,4.2,26,2,44090,56771,AMD Ryzen 3 Dual Core Processor,8 GB DDR4 RAM,512 GB SSD,,,,,,,,,
HP Athlon Dual Core 3050U,4,848,94,29490,39288,AMD Athlon Dual Core Processor,8 GB DDR4 RAM,512 GB SSD,,,,,,,,,
Lenovo IdeaPad 3 Core i3 10th Gen,4.3,8,0,31990,53790,Intel Core i3 Processor (10th Gen),4 GB DDR4 RAM,256 GB SSD,,,,,,,,,
DELL Inspiron Core i3 10th Gen,4.1,993,109,45390,60490,Intel Core i3 Processor (10th Gen),8 GB DDR4 RAM,1 TB HDD|256 GB SSD,,,,,,,,,
HP Ryzen 3 Quad Core 5300U,4.3,1974,255,41990,52900,AMD Ryzen 3 Quad Core Processor,8 GB DDR4 RAM,512 GB SSD,,,,,,,,,
DELL Vostro Ryzen 3 Dual Core 3250U,4.1,68,13,42190,51105,AMD Ryzen 3 Dual Core Processor,8 GB DDR4 RAM,512 GB SSD,,,,,,,,,
realme Book(Slim) Intel Evo Core i5 11th Gen,4.4,7067,949,59990,69999,Powered by 11th Gen Intel Evo Core i5 Processor,Microsoft Office 2019 Home & Student Included,Intel Core i5 Processor (11th Gen),,,,,,,,,
DELL Vostro Ryzen 5 Hexa Core 5625U,0,0,0,67115,82373,AMD Ryzen 5 Hexa Core Processor,16 GB DDR4 RAM,512 GB SSD,,,,,,,,,
DELL Core i3 12th Gen,4,9,2,47990,55047,Processor: Intel i3-1215U (Base- 0.9 GHz & Turbo up to 4.40 GHz) 6 Cores,RAM & Storage: 8GB DDR4 & 512GB SSD,"Display: 15.6"" FHD WVA AG 120Hz 250 nits Narrow Border",,,,,,,,,
HP 14s Intel Celeron Dual Core,3.8,354,33,27891,36865,Intel Celeron Dual Core Processor,8 GB DDR4 RAM,256 GB SSD,,,,,,,,,
MSI Ryzen 7 Octa Core 5700U,4.2,113,12,52990,78990,AMD Ryzen 7 Octa Core Processor,8 GB DDR4 RAM,512 GB SSD,,,,,,,,,
ASUS Core i3 11th Gen,0,0,0,35990,52990,Intel Core i3 Processor (11th Gen),8 GB DDR4 RAM,256 GB SSD,,,,,,,,,
MSI Bravo Ryzen 5 Hexa Core 5600H,4.4,2115,283,58500,83990,AMD Ryzen 5 Hexa Core Processor,8 GB DDR4 RAM,512 GB SSD,,,,,,,,,
HP Athlon Dual Core 3050U,4.3,25,3,25612,31690,AMD Athlon Dual Core Processor,4 GB DDR4 RAM,256 GB SSD,,,,,,,,,
DELL Inspiron Core i3 11th Gen,4,53,4,43490,56776,Intel Core i3 Processor (11th Gen),8 GB DDR4 RAM,256 GB SSD,,,,,,,,,
ASUS VivoBook 15 (2022) Core i3 10th Gen,4.3,9970,999,35990,50990,Intel Core i3 Processor (10th Gen),8 GB DDR4 RAM,512 GB SSD,,,,,,,,,
ASUS Vivobook 15 Ryzen 3 Dual Core AMD R3,4.3,398,48,34990,46990,AMD Ryzen 3 Dual Core Processor,8 GB DDR4 RAM,512 GB SSD,,,,,,,,,
acer Aspire 7 Core i5 12th Gen,4.3,2969,346,61990,94999,Intel Core i5 Processor (12th Gen),16 GB DDR4 RAM,512 GB SSD,,,,,,,,,
Lenovo IdeaPad 3 Core i3 10th Gen,4.4,798,67,31990,36133,Intel Core i3 Processor (10th Gen),4 GB DDR4 RAM,256 GB SSD,,,,,,,,,
DELL Vostro 3405 Athlon Dual Core 3050,4.1,488,54,28290,39874,AMD Athlon Dual Core Processor,4 GB DDR4 RAM,256 GB SSD,,,,,,,,,
MSI GF63 Thin Hexa Core i5 10th Gen,4.4,3387,350,54490,76990,Intel Hexa Core i5 Processor (10th Gen),8 GB DDR4 RAM,1 TB HDD|256 GB SSD,,,,,,,,,
Lenovo Core i3 10th Gen,4.3,768,76,38990,62190,Intel Core i3 Processor (10th Gen),8 GB DDR4 RAM,512 GB SSD,,,,,,,,,
DELL Inspiron Core i5 11th Gen,4.3,505,53,60390,65321,Intel Core i5 Processor (11th Gen),8 GB DDR4 RAM,1 TB HDD|256 GB SSD,,,,,,,,,
Avita Pura E,0,0,0,29990,47990,Intel Core i3 Processor (10th Gen),4 GB DDR4 RAM,256 GB SSD,,,,,,,,,
SAMSUNG Galaxy Book2 Core i5 12th Gen,4.6,78,11,61990,79990,Intel Core i5 Processor (12th Gen),8 GB LPDDR4X RAM,256 GB SSD,,,,,,,,,
HP Pavilion Ryzen 5 Hexa Core AMD R5,4.5,95,13,63990,73544,AMD Ryzen 5 Hexa Core Processor,8 GB DDR4 RAM,512 GB SSD,,,,,,,,,
Lenovo IdeaPad 3 Core i3 10th Gen,4.3,8,0,31990,53790,Intel Core i3 Processor (10th Gen),4 GB DDR4 RAM,256 GB SSD,,,,,,,,,
ASUS Vivobook AMD R5 5600H Ryzen 5 Hexa Core 10th Gen,0,0,0,54980,74990,AMD Ryzen 5 Hexa Core Processor (10th Gen),16 GB DDR4 RAM,512 GB SSD,,,,,,,,,
HP Pavilion Ryzen 5 Hexa Core 5625U,4.2,264,27,55200,64491,AMD Ryzen 5 Hexa Core Processor,8 GB DDR4 RAM,512 GB SSD,,,,,,,,,
HP 15s Intel Core i3 11th Gen,4.1,131,8,41490,51470,Intel Core i3 Processor (11th Gen),8 GB DDR4 RAM,1 TB HDD|256 GB SSD,,,,,,,,,
realme Book(Slim) Intel Evo Core i5 11th Gen,4.4,7067,949,59990,69999,Powered by 11th Gen Intel Evo Core i5 Processor,Microsoft Office 2019 Home & Student Included,Intel Core i5 Processor (11th Gen),,,,,,,,,
HP Core i5 7th Gen,4.3,6,3,60000,113737,Pre-installed Genuine Windows 10 Operating System (Includes Built-in Security, Free Automated Updates, Latest Features),64 bit Windows 10 Operating System,https://rukminim1.flixcart.com/image/312/312/computer/a/y/b/hp-spectre-notebook-original-imaepbx7ncxbuzwc.jpeg?q=70,,,,,,,
acer Aspire 3 Pentium Silver,4,19,3,26490,32990,Intel Pentium Silver Processor,4 GB DDR4 RAM,256 GB SSD,,,,,,,,,
DELL Core i5 11th Gen,4,3,2,59390,74619,Intel Core i5 Processor (11th Gen),8 GB DDR4 RAM,512 GB SSD,,,,,,,,,
Lenovo Ryzen 5 Hexa Core 5600H,0,0,0,59490,89490,AMD Ryzen 5 Hexa Core Processor,8 GB DDR4 RAM,256 GB SSD,,,,,,,,,
DELL Inspiron Ryzen 7 Octa Core 5825U,4,25,6,66190,85550,Processor: AMD Ryzen 7-5825U (2.00 GHz up to 4.50 GHz),RAM & Storage: 8GB DDR4 (2 DIMM Slots) & 512GB SSD,"Display: 15.6"" FHD WVA AG Narrow Border 120Hz 250 nits",,,,,,,,,
DELL Core i3 11th Gen,4.2,6,0,42500,55350,Intel Core i3 Processor (11th Gen),8 GB DDR4 RAM,1 TB HDD,,,,,,,,,
acer Aspire 7 Core i5 12th Gen,4.3,285,33,69990,88999,Intel Core i5 Processor (12th Gen),8 GB DDR4 RAM,512 GB SSD,,,,,,,,,
DELL Core i3 12th Gen,4,9,2,47990,55047,Processor: Intel i3-1215U (Base- 0.9 GHz & Turbo up to 4.40 GHz) 6 Cores,RAM & Storage: 8GB DDR4 & 512GB SSD,"Display: 15.6"" FHD WVA AG 120Hz 250 nits Narrow Border",,,,,,,,,
Lenovo IdeaPad Core i3 10th Gen,4.2,64,8,35990,53790,Intel Core i3 Processor (10th Gen),4 GB DDR4 RAM,256 GB SSD,,,,,,,,,
DELL Inspiron Core i3 10th Gen,4.2,68,6,46880,63200,Intel Core i3 Processor (10th Gen),8 GB DDR4 RAM,512 GB SSD,,,,,,,,,
MSI Ryzen 7 Octa Core 5700U,4.2,113,12,52990,78990,AMD Ryzen 7 Octa Core Processor,8 GB DDR4 RAM,512 GB SSD,,,,,,,,,
ASUS Core i3 11th Gen,0,0,0,35990,52990,Intel Core i3 Processor (11th Gen),8 GB DDR4 RAM,256 GB SSD,,,,,,,,,
Infinix X1 Slim Series Core i5 10th Gen,4.2,697,100,44990,59999,Intel Core i5 Processor (10th Gen),8 GB LPDDR4X RAM,512 GB SSD,,,,,,,,,
Lenovo IdeaPad 3 Ryzen 3 Dual Core 3250U,4.4,112,11,37990,43990,AMD Ryzen 3 Dual Core Processor,8 GB DDR4 RAM,256 GB SSD,,,,,,,,,
acer Nitro 5 Ryzen 5 Hexa Core AMD R5,4.3,214,25,67990,92999,AMD Ryzen 5 Hexa Core Processor,8 GB DDR4 RAM,512 GB SSD,,,,,,,,,
acer Aspire 3 Core i3 11th Gen,4.1,61,8,35500,50000,Intel Core i3 Processor (11th Gen),4 GB DDR4 RAM,256 GB SSD,,,,,,,,,
Lenovo Athlon Dual Core 3050U,4.3,8,0,20990,35000,AMD Athlon Dual Core Processor,4 GB DDR4 RAM,256 GB SSD,,,,,,,,,
acer Nitro 5 Ryzen 5 Hexa Core AMD R5,4.3,214,25,67990,92999,AMD Ryzen 5 Hexa Core Processor,8 GB DDR4 RAM,512 GB SSD,,,,,,,,,
acer Aspire 3 Pentium Silver,4,19,3,28490,36990,Intel Pentium Silver Processor,8 GB DDR4 RAM,256 GB SSD,,,,,,,,,
Lenovo IdeaPad 3 Core i3 10th Gen,4.3,8,0,31990,53790,Intel Core i3 Processor (10th Gen),4 GB DDR4 RAM,256 GB SSD,,,,,,,,,
HP 15s Intel Core i5 12th Gen,4.2,111,7,66000,72210,Intel Core i5 Processor (12th Gen),16 GB DDR4 RAM,512 GB SSD,,,,,,,,,
DELL Inspiron Core i3 10th Gen,4.2,68,6,46880,63200,Intel Core i3 Processor (10th Gen),8 GB DDR4 RAM,512 GB SSD,,,,,,,,,
ASUS Ryzen 5 Dual Core 5th Gen,4.6,9,1,61990,76990,AMD Ryzen 5 Dual Core Processor (5th Gen),8 GB DDR4 RAM,512 GB SSD,,,,,,,,,
realme Book(Slim) Intel Evo Core i5 11th Gen,4.4,7067,949,59990,69999,Powered by 11th Gen Intel Evo Core i5 Processor,Microsoft Office 2019 Home & Student Included,Intel Core i5 Processor (11th Gen),,,,,,,,,
acer Nitro 5 Core i5 11th Gen,4.6,11,1,63999,99990,Intel Core i5 Processor (11th Gen),8 GB DDR4 RAM,512 GB SSD,,,,,,,,,
DELL Core i3 12th Gen,4,9,2,47990,55047,Processor: Intel i3-1215U (Base- 0.9 GHz & Turbo up to 4.40 GHz) 6 Cores,RAM & Storage: 8GB DDR4 & 512GB SSD,"Display: 15.6"" FHD WVA AG 120Hz 250 nits Narrow Border",,,,,,,,,
acer Aspire 5 Ryzen 7 Octa Core 5700U,5,3,0,59990,79999,AMD Ryzen 7 Octa Core Processor,8 GB DDR4 RAM,512 GB SSD,,,,,,,,,
ASUS Vivobook 14 (2022) Core i3 12th Gen,4.2,11,2,49990,62990,Intel Core i3 Processor (12th Gen),8 GB DDR4 RAM,512 GB SSD,,,,,,,,,
Avita SATUS S111 Celeron Dual Core,3.9,646,89,16990,29990,Intel Celeron Dual Core Processor,4 GB DDR4 RAM,128 GB SSD,,,,,,,,,
HP Core i5 7th Gen,4.3,6,3,60000,113737,Pre-installed Genuine Windows 10 Operating System (Includes Built-in Security, Free Automated Updates, Latest Features),64 bit Windows 10 Operating System,https://rukminim1.flixcart.com/image/312/312/computer/a/y/b/hp-spectre-notebook-original-imaepbx7ncxbuzwc.jpeg?q=70,,,,,,,
DELL Core i3 11th Gen,4.2,6,0,42500,55350,Intel Core i3 Processor (11th Gen),8 GB DDR4 RAM,1 TB HDD,,,,,,,,,
DELL Vostro Core i3 11th Gen,4.2,533,59,41290,55347,Intel Core i3 Processor (11th Gen),8 GB DDR4 RAM,256 GB SSD,,,,,,,,,
DELL Inspiron Core i3 11th Gen,4.4,126,33,45990,46156,Intel Core i3 Processor (11th Gen),4 GB DDR4 RAM,512 GB SSD,,,,,,,,,
acer Aspire 3 Pentium Silver,4,19,3,26490,32990,Intel Pentium Silver Processor,4 GB DDR4 RAM,256 GB SSD,,,,,,,,,
ASUS Vivobook AMD R5 5600H Ryzen 5 Hexa Core 10th Gen,0,0,0,54980,74990,AMD Ryzen 5 Hexa Core Processor (10th Gen),16 GB DDR4 RAM,512 GB SSD,,,,,,,,,
MSI Core i5 12th Gen,0,0,0,58490,72990,Intel Core i5 Processor (12th Gen),16 GB DDR4 RAM,512 GB SSD,,,,,,,,,
DELL Inspiron Core i5 11th Gen,0,0,0,65359,83034,Intel Core i5 Processor (11th Gen),8 GB DDR4 RAM,512 GB SSD,,,,,,,,,
Nokia PureBook X14 Core i5 10th Gen,4.4,1498,314,50490,90000,Intel Core i5 Processor (10th Gen),8 GB DDR4 RAM,512 GB SSD,,,,,,,,,
HP Ryzen 3 Dual Core 3250U,4.3,3850,399,37990,46052,AMD Ryzen 3 Dual Core Processor,8 GB DDR4 RAM,512 GB SSD,,,,,,,,,
Infinix INBook X2 Plus Core i3 11th Gen,4.1,146,32,40990,49990,Intel Core i3 Processor (11th Gen),8 GB LPDDR4X RAM,512 GB SSD,,,,,,,,,
Lenovo IdeaPad 3 Dual Core 3020e,4.1,113,15,27990,38390,AMD Dual Core Processor,4 GB DDR4 RAM,256 GB SSD,,,,,,,,,
acer Swift 3 Ryzen 5 Hexa Core 5500U,4.5,29,6,62500,89999,AMD Ryzen 5 Hexa Core Processor,8 GB LPDDR4X RAM,512 GB SSD,,,,,,,,,
Lenovo Ideapad Slim 3i (2021) Core i3 10th Gen,3.9,50,1,40200,49999,Intel Core i3 Processor (10th Gen),4 GB DDR4 RAM,256 GB SSD,,,,,,,,,
Lenovo IdeaPad 3 Core i3 10th Gen,4.3,8,0,31990,53790,Intel Core i3 Processor (10th Gen),4 GB DDR4 RAM,256 GB SSD,,,,,,,,,
Lenovo Core i5 11th Gen,0,0,0,58226,89990,Intel Core i5 Processor (11th Gen),16 GB DDR4 RAM,512 GB SSD,,,,,,,,,
HP Pavilion Intel Core i5 12th Gen,4,109,13,63990,75799,Intel Core i5 Processor (12th Gen),8 GB DDR4 RAM,512 GB SSD,,,,,,,,,
ASUS Core i5 10th Gen,0,0,0,69088,80990,Intel Core i5 Processor (10th Gen),8 GB DDR4 RAM,1 TB SSD,,,,,,,,,
realme Book(Slim) Intel Evo Core i5 11th Gen,4.4,7067,949,59990,69999,Powered by 11th Gen Intel Evo Core i5 Processor,Microsoft Office 2019 Home & Student Included,Intel Core i5 Processor (11th Gen),,,,,,,,,
DELL Core i3 12th Gen,4.7,3,0,50090,64133,Intel Core i3 Processor (12th Gen),8 GB DDR4 RAM,512 GB SSD,,,,,,,,,
DELL Inspiron Ryzen 5 Quad Core 3450U,4,318,28,44990,56573,AMD Ryzen 5 Quad Core Processor,8 GB DDR4 RAM,256 GB SSD,,,,,,,,,
ASUS Chromebook Celeron Dual Core,4.1,208,29,25990,29990,Intel Celeron Dual Core Processor,4 GB LPDDR4 RAM,35.56 cm (14 inch) Touchscreen Display,,,,,,,,,
HP HP 250 G7 Core i5 10th Gen,0,0,0,54890,76800,Intel Core i5 Processor (10th Gen),8 GB DDR4 RAM,512 GB HDD|512 GB SSD,,,,,,,,,
ASUS ExpertBook P1 Core i5 10th Gen,0,0,0,61249,68990,Intel Core i5 Processor (10th Gen),4 GB DDR4 RAM,1 TB HDD,,,,,,,,,
DELL Ryzen 5 Quad Core,4.6,5,1,52990,66560,AMD Ryzen 5 Quad Core Processor,8 GB DDR4 RAM,1 TB HDD|256 GB SSD,,,,,,,,,
Lenovo Intel Core i5 11th Gen,4.4,373,39,68990,79890,Intel Core i5 Processor (11th Gen),8 GB DDR4 RAM,1 TB HDD|256 GB SSD,,,,,,,,,
ASUS ExpertBook P2 Core i5 10th Gen,0,0,0,69290,77990,Intel Core i5 Processor (10th Gen),8 GB DDR4 RAM,1 TB HDD,,,,,,,,,
HP 14s Ryzen 5 Hexa Core 5500U,4.4,789,68,52490,56162,AMD Ryzen 5 Hexa Core Processor,8 GB DDR4 RAM,512 GB SSD,,,,,,,,,
DELL Inspiron Ryzen 5 Quad Core 3450U,4,122,12,49890,63973,AMD Ryzen 5 Quad Core Processor,8 GB DDR4 RAM,512 GB SSD,,,,,,,,,
ASUS ExpertBook P1 Core i5 10th Gen,3.9,10,0,62490,70990,Intel Core i5 Processor (10th Gen),8 GB DDR4 RAM,1 TB HDD,,,,,,,,,
DELL Vostro Core i5 12th Gen,0,0,0,69160,89694,Intel Core i5 Processor (12th Gen),8 GB DDR4 RAM,512 GB SSD,,,,,,,,,
SAMSUNG Core i5 12th Gen,4.5,13,2,59990,67990,Intel Core i5 Processor (12th Gen),8 GB DDR4 RAM,512 GB SSD,,,,,,,,,
ASUS Vivobook 15 OLED (2022) Core i3 12th Gen,4.2,13,1,50990,66990,Get unparalleled power and reliability with the new Intel 12th Gen CPU,15.6 Inch Full HD OLED 16:9 aspect ratio, 0.2ms response time, 100% DCI-P3 color gamut, VESA CERTIFIED Display HDR True Black 600, 1.07 billion colors, PANTONE Validated, Glossy display, 70% less harmful blue light, TUV Rheinland-certified,Light Laptop without Optical Disk Drive,https://rukminim1.flixcart.com/image/312/312/xif0q/computer/k/b/q/-original-imaghsggzmjg7qgn.jpeg?q=70
DELL Inspiron 3000 Core i3 11th Gen,3.9,84,9,38170,58229,Intel Core i3 Processor (11th Gen),8 GB DDR4 RAM,512 GB SSD,,,,,,,,,
Nokia PureBook S14 Core i5 11th Gen,4,815,193,40990,82990,Intel Core i5 Processor (11th Gen),16 GB DDR4 RAM,512 GB SSD,,,,,,,,,
acer Nitro 5 Ryzen 5 Hexa Core AMD R5,4.5,298,28,59990,79999,AMD Ryzen 5 Hexa Core Processor,8 GB DDR4 RAM,512 GB SSD,,,,,,,,,
Infinix X1 Slim Series Core i5 10th Gen,4.2,396,67,49990,64999,Intel Core i5 Processor (10th Gen),16 GB LPDDR4X RAM,512 GB SSD,,,,,,,,,
ASUS VivoBook 14 (2022) Core i5 12th Gen,4.3,12,1,62990,82990,Intel Core i5 Processor (12th Gen),16 GB DDR4 RAM,512 GB SSD,,,,,,,,,
Lenovo IdeaPad 3 Core i3 10th Gen,4.3,8,0,31990,53790,Intel Core i3 Processor (10th Gen),4 GB DDR4 RAM,256 GB SSD,,,,,,,,,
HP Ryzen 3 Hexa Core 4th Gen,0,0,0,60990,68360,AMD Ryzen 3 Hexa Core Processor (4th Gen),8 GB DDR4 RAM,512 GB SSD,,,,,,,,,
DELL Ryzen 5 Quad Core,4.6,5,1,52990,66560,AMD Ryzen 5 Quad Core Processor,8 GB DDR4 RAM,1 TB HDD|256 GB SSD,,,,,,,,,
SAMSUNG Core i5 12th Gen,4.5,13,2,59990,67990,Intel Core i5 Processor (12th Gen),8 GB DDR4 RAM,512 GB SSD,,,,,,,,,
realme Book(Slim) Intel Evo Core i5 11th Gen,4.4,7067,949,59990,69999,Powered by 11th Gen Intel Evo Core i5 Processor,Microsoft Office 2019 Home & Student Included,Intel Core i5 Processor (11th Gen),,,,,,,,,
DELL Vostro Ryzen 5 Quad Core 3500U,4.4,15,2,49690,61740,AMD Ryzen 5 Quad Core Processor,8 GB DDR4 RAM,512 GB SSD,,,,,,,,,
Mi Notebook Horizon Edition 14 Core i7 10th Gen,4.2,567,59,59990,65999,Intel Core i7 Processor (10th Gen),8 GB DDR4 RAM,512 GB SSD,,,,,,,,,
Lenovo Core i3 11th Gen,4.3,164,14,38990,51544,Intel Core i3 Processor (11th Gen),4 GB DDR4 RAM,256 GB SSD,,,,,,,,,
Lenovo Ryzen 5 Hexa Core 5600H,0,0,0,59490,89490,AMD Ryzen 5 Hexa Core Processor,8 GB DDR4 RAM,256 GB SSD,,,,,,,,,
DELL Inspiron Core i5 11th Gen,0,0,0,68490,84173,Intel Core i5 Processor (11th Gen),8 GB DDR4 RAM,1 TB HDD|256 GB SSD,,,,,,,,,
MSI GL Core i7 7th Gen,3.5,6,1,59990,79257,Full HD LED Backlit Anti-glare Wideview Display for Better Visual Experience,NVIDIA Geforce GTX 1050 for Desktop Level Performance,8 GB DDR4 RAM,,,,,,,,,
Infinix INBook X2 Plus Core i7 11th Gen,4.5,22,5,57990,79990,Intel Core i7 Processor (11th Gen),16 GB LPDDR4X RAM,512 GB SSD,,,,,,,,,
Lenovo IdeaPad Gaming 3 Core i5 11th Gen,4.1,44,10,58900,93690,Intel Core i5 Processor (11th Gen),8 GB DDR4 RAM,512 GB SSD,,,,,,,,,
ASUS (2022) Celeron Dual Core,4.2,59,7,29990,36990,Intel Celeron Dual Core Processor,4 GB DDR4 RAM,128 GB SSD,,,,,,,,,
ASUS (2022) Celeron Dual Core,4.1,191,18,24990,30990,Intel Celeron Dual Core Processor,4 GB DDR4 RAM,128 GB SSD,,,,,,,,,
DELL Inspiron Core i3 10th Gen,4.1,238,27,42990,48900,Intel Core i3 Processor (10th Gen),8 GB DDR4 RAM,1 TB HDD,,,,,,,,,
DELL Vostro Core i3 11th Gen,3.9,299,25,42390,44780,Intel Core i3 Processor (11th Gen),8 GB DDR4 RAM,1 TB HDD,,,,,,,,,
HP Pavilion Gaming Ryzen 5 Hexa Core AMD R5,4,68,7,57690,73856,AMD Ryzen 5 Hexa Core Processor,8 GB DDR4 RAM,512 GB SSD,,,,,,,,,
ASUS VivoBook Ultra 14 (2021) Core i5 11th Gen,4.4,670,64,55990,80990,Intel Core i5 Processor (11th Gen),16 GB DDR4 RAM,512 GB SSD,,,,,,,,,
ASUS Vivobook Ultra 14 (2022) Core i3 11th Gen,4.3,222,28,44990,56990,Intel Core i3 Processor (11th Gen),8 GB DDR4 RAM,512 GB SSD,,,,,,,,,
acer Aspire 5 Core i5 12th Gen,0,0,0,57990,73999,Intel Core i5 Processor (12th Gen),8 GB DDR4 RAM,512 GB SSD,,,,,,,,,
acer Aspire 3 Ryzen 3 Dual Core 3250U,4.1,262,31,35990,44999,AMD Ryzen 3 Dual Core Processor,8 GB DDR4 RAM,512 GB SSD,,,,,,,,,
DELL Inspiron Core i5 11th Gen,4.3,118,10,69990,89489,Intel Core i5 Processor (11th Gen),16 GB DDR4 RAM,512 GB SSD,,,,,,,,,
Lenovo Ideapad Gaming 3 Ryzen 5 Hexa Core 4600H,4.5,1763,254,62490,63104,AMD Ryzen 5 Hexa Core Processor,8 GB DDR4 RAM,1 TB HDD|256 GB SSD,,,,,,,,,
Lenovo IdeaPad 3 Core i3 10th Gen,4.3,8,0,31990,53790,Intel Core i3 Processor (10th Gen),4 GB DDR4 RAM,256 GB SSD,,,,,,,,,
ASUS TUF Gaming F15 Core i5 10th Gen,4.4,147,14,59990,84990,Intel Core i5 Processor (10th Gen),8 GB DDR4 RAM,1 TB SSD,,,,,,,,,
ASUS Core i5 11th Gen,0,0,0,45990,65990,Intel Core i5 Processor (11th Gen),8 GB DDR4 RAM,512 GB SSD,,,,,,,,,
acer Swift 5 Core i5 8th Gen,4.2,6,3,69351,87999,Intel Core i5 Processor (8th Gen),8 GB DDR3 RAM,512 GB SSD,,,,,,,,,
realme Book(Slim) Intel Evo Core i5 11th Gen,4.4,7067,949,59990,69999,Powered by 11th Gen Intel Evo Core i5 Processor,Microsoft Office 2019 Home & Student Included,Intel Core i5 Processor (11th Gen),,,,,,,,,
Lenovo Core i3 10th Gen,5,4,0,38980,56800,Intel Core i3 Processor (10th Gen),8 GB DDR4 RAM,256 GB SSD,,,,,,,,,
acer Aspire 5 Core i5 11th Gen,4.5,83,7,60990,69999,Intel Core i5 Processor (11th Gen),8 GB DDR4 RAM,1 TB HDD|256 GB SSD,,,,,,,,,
DELL Ryzen 5 Hexa Core,0,0,0,67490,84879,AMD Ryzen 5 Hexa Core Processor,16 GB DDR4 RAM,512 GB SSD,,,,,,,,,
Lenovo Ryzen 5 Hexa Core 5600H,0,0,0,59490,89490,AMD Ryzen 5 Hexa Core Processor,8 GB DDR4 RAM,256 GB SSD,,,,,,,,,
DELL Core i5 11th Gen,3.5,6,1,62490,75325,Intel Core i5 Processor (11th Gen),8 GB DDR4 RAM,1 TB HDD|256 GB SSD,,,,,,,,,
DELL Inspiron Core i3 10th Gen,4.2,44,3,46400,56200,Intel Core i3 Processor (10th Gen),8 GB DDR4 RAM,1 TB HDD|256 GB SSD,,,,,,,,,
HP Pavilion Intel Core i3 11th Gen,4.3,7,1,54490,65628,Intel Core i3 Processor (11th Gen),8 GB DDR4 RAM,512 GB SSD,,,,,,,,,
acer Aspire 3 Core i3 11th Gen,4.2,125,19,39244,50000,Intel Core i3 Processor (11th Gen),4 GB DDR4 RAM,256 GB SSD,,,,,,,,,
ASUS VivoBook 15 (2022) Core i3 11th Gen,4.3,885,105,39990,54990,Intel Core i3 Processor (11th Gen),8 GB DDR4 RAM,1 TB HDD|256 GB SSD,,,,,,,,,
ASUS Pentium Quad Core,3.7,3184,409,25990,30990,Intel Pentium Quad Core Processor,4 GB DDR4 RAM,1 TB HDD,,,,,,,,,
Infinix X1 Slim Series Core i5 10th Gen,4.2,697,100,44990,59999,Intel Core i5 Processor (10th Gen),8 GB LPDDR4X RAM,512 GB SSD,,,,,,,,,
Lenovo Ideapad Gaming 3 Ryzen 5 Hexa Core 4600H,4.5,908,122,60490,85290,AMD Ryzen 5 Hexa Core Processor,8 GB DDR4 RAM,1 TB HDD|256 GB SSD,,,,,,,,,
Lenovo Core i3 11th Gen,4.3,222,29,37490,49096,Intel Core i3 Processor (11th Gen),4 GB DDR4 RAM,256 GB SSD,,,,,,,,,
DELL Inspiron Pentium Quad Core,4.2,123,18,35500,43000,Intel Pentium Quad Core Processor,4 GB DDR4 RAM,256 GB SSD,,,,,,,,,
Lenovo Core i3 10th Gen,5,1,1,37890,48900,Intel Core i3 Processor (10th Gen),4 GB DDR4 RAM,256 GB SSD,,,,,,,,,
ASUS Vivobook Gaming Core i7 10th Gen,4.3,76,7,65990,88990,Intel Core i7 Processor (10th Gen),8 GB DDR4 RAM,512 GB SSD,,,,,,,,,
ASUS TUF GAMING A15 Ryzen 5 Hexa Core 4600H,0,0,0,65990,75990,AMD Ryzen 5 Hexa Core Processor,8 GB DDR4 RAM,1 TB SSD,,,,,,,,,
Lenovo IdeaPad Flex 5 Ryzen 5 Hexa Core 5500U,0,0,0,63990,95090,AMD Ryzen 5 Hexa Core Processor,16 GB LPDDR4X RAM,512 GB SSD,,,,,,,,,
ASUS VivoBook 15 Ryzen 3 Dual Core AMD R3,4.3,1650,226,26990,42990,AMD Ryzen 3 Dual Core Processor,4 GB DDR4 RAM,256 GB SSD,,,,,,,,,
Lenovo IdeaPad 3 Core i3 10th Gen,4.3,8,0,31990,53790,Intel Core i3 Processor (10th Gen),4 GB DDR4 RAM,256 GB SSD,,,,,,,,,
MSI GF63 Thin Core i5 11th Gen,4.4,2501,314,59990,83990,Intel Core i5 Processor (11th Gen),8 GB DDR4 RAM,512 GB SSD,,,,,,,,,
acer Ryzen 3 Dual Core 3250U,4,300,41,29990,43999,AMD Ryzen 3 Dual Core Processor,8 GB DDR4 RAM,256 GB SSD,,,,,,,,,
HP Pavilion Core i5 11th Gen,0,0,0,64990,87717,Intel Core i5 Processor (11th Gen),8 GB DDR4 RAM,512 GB SSD,,,,,,,,,
realme Book(Slim) Intel Evo Core i5 11th Gen,4.4,7067,949,59990,69999,Powered by 11th Gen Intel Evo Core i5 Processor,Microsoft Office 2019 Home & Student Included,Intel Core i5 Processor (11th Gen),,,,,,,,,
ASUS Vivobook 11 Celeron Dual Core,0,0,0,24990,28990,Intel Celeron Dual Core Processor,4 GB DDR4 RAM,29.46 cm (11.6 inch) Display,,,,,,,,,
MSI Modern 14 Core i5 10th Gen,4.4,1122,131,43990,61990,Intel Core i5 Processor (10th Gen),8 GB DDR4 RAM,512 GB SSD,,,,,,,,,
ASUS VivoBook Flip 14 Core i5 11th Gen,4.5,65,5,69990,82990,Intel Core i5 Processor (11th Gen),8 GB LPDDR4X RAM,512 GB SSD,,,,,,,,,
Lenovo Ryzen 5 Hexa Core 5600H,0,0,0,59490,89490,AMD Ryzen 5 Hexa Core Processor,8 GB DDR4 RAM,256 GB SSD,,,,,,,,,
HP Ryzen 3 Quad Core 5th Gen,0,0,0,40490,47870,AMD Ryzen 3 Quad Core Processor (5th Gen),8 GB DDR4 RAM,256 GB SSD,,,,,,,,,
HP HP Pavilion Ryzen 5 Hexa Core AMD R5,4.4,2501,239,66990,76020,AMD Ryzen 5 Hexa Core Processor,8 GB DDR4 RAM,512 GB SSD,,,,,,,,,
acer Aspire 5 Core i5 11th Gen,4,564,61,47130,54999,Free upgrade to Windows 11 when available,Intel Core i5 Processor (11th Gen),64 bit Windows 10 Operating System,,,,,,,,,
acer Nitro 5 Ryzen 5 Hexa Core 5600H,4.3,214,25,68990,99999,AMD Ryzen 5 Hexa Core Processor,8 GB DDR4 RAM,1 TB HDD|512 GB SSD,,,,,,,,,
SAMSUNG Galaxy Book2 Core i5 12th Gen,4.2,38,5,69990,88990,Intel Core i5 Processor (12th Gen),16 GB LPDDR4X RAM,512 GB SSD,,,,,,,,,
DELL Inspiron Ryzen 5 Hexa Core 5625U,0,0,0,59999,75828,AMD Ryzen 5 Hexa Core Processor,8 GB DDR4 RAM,512 GB SSD,,,,,,,,,
HP Pavilion Ryzen 5 Hexa Core 5500U,4.2,123,16,64490,74839,AMD Ryzen 5 Hexa Core Processor,16 GB DDR4 RAM,512 GB SSD,,,,,,,,,
DELL Insprion 3511 Core i3 11th Gen,3.5,26,4,41990,52800,Intel Core i3 Processor (11th Gen),8 GB DDR4 RAM,1 TB HDD,,,,,,,,,
DELL Vostro Ryzen 5 Hexa Core 5625U,0,0,0,63331,76473,AMD Ryzen 5 Hexa Core Processor,8 GB DDR4 RAM,512 GB SSD,,,,,,,,,
HP G8 Ryzen 3 Dual Core AMD Ryzen 3 3250U 3rd Gen,0,0,0,28790,40528,AMD Ryzen 3 Dual Core Processor (3rd Gen),8 GB DDR4 RAM,512 GB SSD,,,,,,,,,
Lenovo IdeaPad 5 Pro Core i5 11th Gen,4.1,22,5,69000,113290,Intel Core i5 Processor (11th Gen),16 GB DDR4 RAM,512 GB SSD,,,,,,,,,
Infinix X1 Slim Series Core i3 10th Gen,4.3,4244,565,35990,49999,Intel Core i3 Processor (10th Gen),8 GB LPDDR4X RAM,256 GB SSD,,,,,,,,,
HP Pavilion x360 Core i3 12th Gen,0,0,0,59990,65628,Intel Core i3 Processor (12th Gen),8 GB DDR4 RAM,512 GB SSD,,,,,,,,,
Infinix X1 Slim Series Core i7 10th Gen,3.7,111,27,54990,69999,Intel Core i7 Processor (10th Gen),16 GB LPDDR4X RAM,512 GB SSD,,,,,,,,,
DELL Inspiron Ryzen 5 Hexa Core 5625U,0,0,0,51990,64981,Processor: Ryzen R5-5625U (Base- 2.30 GHz & Turbo up to 4.30 GHz) 6 Cores,RAM & Storage: 8GB DDR4 & 512GB SSD,"15.6"" FHD WVA AG Narrow Border 120Hz 250 nits",,,,,,,,,
Lenovo IdeaPad 3 Core i3 10th Gen,4.3,8,0,31990,53790,Intel Core i3 Processor (10th Gen),4 GB DDR4 RAM,256 GB SSD,,,,,,,,,
ASUS VivoBook Flip 14 Core i5 11th Gen,4.5,65,5,69990,82990,Intel Core i5 Processor (11th Gen),8 GB LPDDR4X RAM,512 GB SSD,,,,,,,,,
DELL Vostro Ryzen 5 Hexa Core 5625U,0,0,0,63331,76473,AMD Ryzen 5 Hexa Core Processor,8 GB DDR4 RAM,512 GB SSD,,,,,,,,,
HP 15s Core i3 10th Gen,4.1,1143,118,40250,43090,Intel Core i3 Processor (10th Gen),8 GB DDR4 RAM,1 TB HDD,,,,,,,,,
realme Book(Slim) Intel Evo Core i5 11th Gen,4.4,7067,949,59990,69999,Powered by 11th Gen Intel Evo Core i5 Processor,Microsoft Office 2019 Home & Student Included,Intel Core i5 Processor (11th Gen),,,,,,,,,
Lenovo Intel Core i5 11th Gen,4.3,3,0,68990,99290,Intel Core i5 Processor (11th Gen),16 GB DDR4 RAM,512 GB SSD,,,,,,,,,
Lenovo Athlon Dual Core 3050U,4,8,2,18990,29999,AMD Athlon Dual Core Processor,4 GB DDR4 RAM,256 GB SSD,,,,,,,,,
HP Celeron Dual Core,3.5,42,5,25999,36965,Intel Celeron Dual Core Processor,8 GB DDR4 RAM,256 GB SSD,,,,,,,,,
DELL Inspiron 3511 Core i3 11th Gen,0,0,0,46890,60371,Intel Core i3 Processor (11th Gen),8 GB DDR4 RAM,1 TB HDD|256 GB SSD,,,,,,,,,
Infinix X1 Slim Series Core i3 10th Gen,4.3,4244,565,35990,49999,Intel Core i3 Processor (10th Gen),8 GB LPDDR4X RAM,256 GB SSD,,,,,,,,,
HP 15s Intel Core i5 11th Gen,4.3,941,80,54450,70171,Intel Core i5 Processor (11th Gen),8 GB DDR4 RAM,512 GB SSD,,,,,,,,,
DELL Insprion Core i7 7th Gen,4,371,67,61658,69999,Microsoft Office Home & Student 2016,Intel Core i7 Processor (7th Gen),64 bit Windows 10 Operating System,,,,,,,,,
HP Pavilion Intel Core i5 11th Gen,3.8,21,4,69490,85837,Intel Core i5 Processor (11th Gen),16 GB DDR4 RAM,512 GB SSD,,,,,,,,,
ASUS TUF GAMING A15 Ryzen 5 Hexa Core 4600H,0,0,0,65990,75990,AMD Ryzen 5 Hexa Core Processor,8 GB DDR4 RAM,1 TB SSD,,,,,,,,,
ASUS Ryzen 5 Hexa Core,0,0,0,69092,75500,AMD Ryzen 5 Hexa Core Processor,8 GB DDR4 RAM,1 TB HDD|256 GB SSD,,,,,,,,,
DELL Core i3 12th Gen,0,0,0,64490,81586,Intel Core i3 Processor (12th Gen),8 GB DDR5 RAM,512 GB SSD,,,,,,,,,
Infinix INBook X2 Plus Core i5 11th Gen,4.3,36,9,47990,54990,Intel Core i5 Processor (11th Gen),8 GB LPDDR4X RAM,512 GB SSD,,,,,,,,,
DELL Core i5 11th Gen,0,0,0,68866,88400,Intel Core i5 Processor (11th Gen),16 GB DDR4 RAM,512 GB SSD,,,,,,,,,
HP Pavilion Ryzen 5 Hexa Core 5625U,4.1,65,6,63490,73532,AMD Ryzen 5 Hexa Core Processor,16 GB DDR4 RAM,512 GB SSD,,,,,,,,,
HP Pavilion Ryzen 5 Hexa Core 5500U,4.2,123,16,64490,74839,AMD Ryzen 5 Hexa Core Processor,16 GB DDR4 RAM,512 GB SSD,,,,,,,,,
ASUS Vivobook 11 Celeron Dual Core,0,0,0,24990,28990,Intel Celeron Dual Core Processor,4 GB DDR4 RAM,29.46 cm (11.6 inch) Display,,,,,,,,,
acer Aspire 3 Ryzen 3 Dual Core R33250U,3.6,134,20,34630,49999,AMD Ryzen 3 Dual Core Processor,4 GB DDR4 RAM,1 TB HDD,,,,,,,,,
Vaio SE Series Core i5 8th Gen,3.8,84,13,62890,84690,Intel Core i5 Processor (8th Gen),8 GB DDR4 RAM,512 GB SSD,,,,,,,,,
DELL Core i5 11th Gen,0,0,0,60790,81227,Intel Core i5 Processor (11th Gen),8 GB DDR4 RAM,512 GB SSD,,,,,,,,,
Lenovo IdeaPad 3 Core i3 10th Gen,4.3,8,0,31990,53790,Intel Core i3 Processor (10th Gen),4 GB DDR4 RAM,256 GB SSD,,,,,,,,,
DELL Inspiron 3505 Ryzen 7 Quad Core 3700U,4.4,76,14,71000,0,AMD Ryzen 7 Quad Core Processor,8 GB DDR4 RAM,512 GB SSD,,,,,,,,,
acer Aspire 3 Pentium Quad Core,0,0,0,37990,0,Intel Pentium Quad Core Processor,4 GB DDR4 RAM,256 GB SSD,,,,,,,,,
ASUS Core i3 11th Gen,0,0,0,42990,58990,Intel Core i3 Processor (11th Gen),8 GB DDR4 RAM,256 GB SSD,,,,,,,,,
realme Book(Slim) Intel Evo Core i5 11th Gen,4.4,7067,949,59990,69999,Powered by 11th Gen Intel Evo Core i5 Processor,Microsoft Office 2019 Home & Student Included,Intel Core i5 Processor (11th Gen),,,,,,,,,
HP 430 G8 Core i5 11th Gen,0,0,0,68841,98000,Intel Core i5 Processor (11th Gen),8 GB DDR4 RAM,512 GB SSD,,,,,,,,,
HP 15,4.5,1243,158,58500,70172,AMD Ryzen 5 Hexa Core Processor,8 GB DDR4 RAM,512 GB SSD,,,,,,,,,
HP Laptop Core i3 11th Gen,0,0,0,43650,51449,Intel Core i3 Processor (11th Gen),8 GB DDR4 RAM,512 GB SSD,,,,,,,,,
Lenovo Ryzen 5 Hexa Core 5600H,0,0,0,59490,89490,AMD Ryzen 5 Hexa Core Processor,8 GB DDR4 RAM,256 GB SSD,,,,,,,,,
ASUS Vivobook 15 Core i3 11th Gen,3.7,10,5,36500,52990,Intel Core i3 Processor (11th Gen),8 GB DDR4 RAM,512 GB SSD,,,,,,,,,
Lenovo IdeaPad Core i3 11th Gen,3.7,128,16,37990,57990,Intel Core i3 Processor (11th Gen),8 GB DDR4 RAM,256 GB SSD,,,,,,,,,
HP Ryzen 3 Dual Core 3250U,3.7,35,3,29997,43628,AMD Ryzen 3 Dual Core Processor,8 GB DDR4 RAM,256 GB SSD,,,,,,,,,
acer Chromebook Celeron Dual Core,3.5,65,5,24490,27000,Intel Celeron Dual Core Processor,4 GB DDR4 RAM,29.46 cm (11.6 inch) Display,,,,,,,,,
Lenovo IdeaPad Gaming Ryzen 5 Hexa Core 4600H,4.5,190,20,60490,83890,AMD Ryzen 5 Hexa Core Processor,8 GB DDR4 RAM,512 GB SSD,,,,,,,,,
HP Pavilion Ryzen 5 Hexa Core 5500U,4.4,568,73,56960,67931,AMD Ryzen 5 Hexa Core Processor,8 GB DDR4 RAM,512 GB SSD,,,,,,,,,
DELL Vostro Ryzen 5 Hexa Core 5625U,0,0,0,61088,79292,AMD Ryzen 5 Hexa Core Processor,16 GB DDR4 RAM,512 GB SSD,,,,,,,,,
ASUS Chromebook Flip Touch Celeron Dual Core,4,899,126,24990,29990,Intel Celeron Dual Core Processor,4 GB LPDDR4 RAM,35.56 cm (14 inch) Touchscreen Display,,,,,,,,,
HP Core i3 11th Gen,3.8,111,14,42490,52890,Intel Core i3 Processor (11th Gen),8 GB DDR4 RAM,1 TB HDD,,,,,,,,,
acer Aspire 5 Core i5 8th Gen,4,121,27,59990,62511,Intel Core i5 Processor (8th Gen),8 GB DDR4 RAM,1 TB HDD,,,,,,,,,
Lenovo B50,3.8,78,17,52490,0,Intel Core i5 Processor (4th Gen),8 GB DDR3 RAM,1 TB HDD,,,,,,,,,
DELL Inspiron 3501 Core i3 10th Gen,4.3,4,0,41890,55534,Intel Core i3 Processor (10th Gen),8 GB DDR4 RAM,256 GB SSD,,,,,,,,,
ASUS Vivobook 15 Core i5 12th Gen,0,0,0,58990,70990,Intel Core i5 Processor (12th Gen),8 GB DDR4 RAM,512 GB SSD,,,,,,,,,
HP Laptop Ryzen 3 Quad Core 5300U,0,0,0,39990,48419,AMD Ryzen 3 Quad Core Processor,8 GB DDR4 RAM,512 GB SSD,,,,,,,,,
DELL Vostro Ryzen 5 Hexa Core 5625U,0,0,0,61088,79292,AMD Ryzen 5 Hexa Core Processor,16 GB DDR4 RAM,512 GB SSD,,,,,,,,,
Lenovo IdeaPad 3 Core i3 10th Gen,4.3,8,0,31990,53790,Intel Core i3 Processor (10th Gen),4 GB DDR4 RAM,256 GB SSD,,,,,,,,,
DELL Vostro 3000 Core i5 8th Gen,4,1371,177,45126,45174,Intel Core i5 Processor (8th Gen),8 GB DDR4 RAM,1 TB HDD,,,,,,,,,
Lenovo B50,3.8,78,17,52490,0,Intel Core i5 Processor (4th Gen),8 GB DDR3 RAM,1 TB HDD,,,,,,,,,
HP Pavilion Intel Core i3 11th Gen,4.2,44,10,58888,69276,Intel Core i3 Processor (11th Gen),8 GB DDR4 RAM,512 GB SSD,,,,,,,,,
realme Book(Slim) Intel Evo Core i5 11th Gen,4.4,7067,949,59990,69999,Powered by 11th Gen Intel Evo Core i5 Processor,Microsoft Office 2019 Home & Student Included,Intel Core i5 Processor (11th Gen),,,,,,,,,
Lenovo IdeaPad Core i3 11th Gen,3.7,128,16,37990,57990,Intel Core i3 Processor (11th Gen),8 GB DDR4 RAM,256 GB SSD,,,,,,,,,
HP 15s Ryzen 3 Quad Core 5300U,4.3,273,42,40499,52900,AMD Ryzen 3 Quad Core Processor,8 GB DDR4 RAM,512 GB SSD,,,,,,,,,
Lenovo IdeaPad Flex 3 Chromebook Celeron Dual Core,3.6,152,22,28490,40490,Intel Celeron Dual Core Processor,4 GB LPDDR4X RAM,29.46 cm (11.6 inch) Touchscreen Display,,,,,,,,,
acer Aspire 3 Core i3 11th Gen,4.2,42,0,42490,49999,Intel Core i3 Processor (11th Gen),8 GB DDR4 RAM,512 GB SSD,,,,,,,,,
HP 14s Ryzen 5 Quad Core 3500U 3rd Gen,4.5,2142,323,49290,53238,AMD Ryzen 5 Quad Core Processor (3rd Gen),8 GB DDR4 RAM,1 TB HDD|256 GB SSD,,,,,,,,,
HP 15q Ryzen 5 Quad Core 2500U,4,439,100,24990,46412,AMD Ryzen 5 Quad Core Processor,4 GB DDR4 RAM,1 TB HDD,,,,,,,,,
acer Chromebook Celeron Dual Core,3.5,65,5,24490,27000,Intel Celeron Dual Core Processor,4 GB DDR4 RAM,29.46 cm (11.6 inch) Display,,,,,,,,,
ASUS Core i3 11th Gen,0,0,0,42990,58990,Intel Core i3 Processor (11th Gen),8 GB DDR4 RAM,256 GB SSD,,,,,,,,,
acer Aspire 5 Core i5 8th Gen,4,121,27,59990,62511,Intel Core i5 Processor (8th Gen),8 GB DDR4 RAM,1 TB HDD,,,,,,,,,
Lenovo IdeaPad Gaming Ryzen 5 Hexa Core 4600H,4.5,190,20,60490,83890,AMD Ryzen 5 Hexa Core Processor,8 GB DDR4 RAM,512 GB SSD,,,,,,,,,
Vaio SE Series Core i5 8th Gen,3.8,84,13,62890,84690,Intel Core i5 Processor (8th Gen),8 GB DDR4 RAM,512 GB SSD,,,,,,,,,
ASUS TUF Gaming F15 Core i5 10th Gen,4.3,495,46,61986,77990,Intel Core i5 Processor (10th Gen),8 GB DDR4 RAM,512 GB SSD,,,,,,,,,
HP Pavilion Ryzen 5 Hexa Core 5500U,4.4,209,30,54360,70419,AMD Ryzen 5 Hexa Core Processor,8 GB DDR4 RAM,512 GB SSD,,,,,,,,,
DELL Core i5 5th Gen,1.6,23,4,68990,69500,Pre-installed Genuine Windows 10 Operating System (Includes Built-in Security, Free Automated Updates, Latest Features),64 bit Windows 10 Operating System,https://rukminim1.flixcart.com/image/312/312/j5723680/computer/c/n/f/dell-inspiron-notebook-original-imaevxzffrrwacbw.jpeg?q=70,,,,,,,
Lenovo Ideapad 520 Core i5 8th Gen,3.3,4,0,64821,79090,Intel Core i5 Processor (8th Gen),8 GB DDR4 RAM,2 TB HDD,,,,,,,,,
Lenovo Ideapad 330s Core i5 8th Gen,4,21,5,56990,62594,Intel Core i5 Processor (8th Gen),4 GB DDR4 RAM,1 TB HDD,,,,,,,,,
HP Laptop Ryzen 3 Quad Core 5300U,0,0,0,40960,50565,AMD Ryzen 3 Quad Core Processor,8 GB DDR4 RAM,512 GB SSD,,,,,,,,,
Infinix ZERO BOOK Series Laptop Intel Core i7 12th Gen,0,0,0,64990,99990,Intel Core i7 Processor (12th Gen),16 GB LPDDR5 RAM,512 GB SSD,,,,,,,,,
MSI GF63 Thin Core i7 10th Gen,4.3,1167,120,63990,83990,Intel Core i7 Processor (10th Gen),8 GB DDR4 RAM,1 TB HDD|256 GB SSD,,,,,,,,,
Lenovo IdeaPad 3 Core i3 10th Gen,4.3,8,0,31990,53790,Intel Core i3 Processor (10th Gen),4 GB DDR4 RAM,256 GB SSD,,,,,,,,,
ASUS TUF GAMING A15 Ryzen 7 Octa Core 4800H,0,0,0,86500,92990,AMD Ryzen 7 Octa Core Processor,8 GB DDR4 RAM,512 GB SSD,,,,,,,,,
acer Aspire 7 Core i5 9th Gen,4.4,2952,364,57090,84999,Intel Core i5 Processor (9th Gen),8 GB DDR4 RAM,512 GB SSD,,,,,,,,,
Lenovo IdeaPad Ryzen 5 Hexa Core 5500U,4.2,115,16,57990,78290,AMD Ryzen 5 Hexa Core Processor,8 GB DDR4 RAM,512 GB SSD,,,,,,,,,
realme Book(Slim) Intel Evo Core i5 11th Gen,4.4,7067,949,59990,69999,Powered by 11th Gen Intel Evo Core i5 Processor,Microsoft Office 2019 Home & Student Included,Intel Core i5 Processor (11th Gen),,,,,,,,,
Lenovo IdeaPad 3 Core i3 11th Gen,0,0,0,47500,51000,Intel Core i3 Processor (11th Gen),8 GB DDR4 RAM,256 GB SSD,,,,,,,,,
DELL Vostro Core i5 11th Gen,3.9,89,9,59990,68859,Processor: 11th Generation Intel Core i5-1135G7 Processor (8MB Cache, up to 4.2 GHz),, 2666MHz | 512GB M.2 PCIe NVMe Solid State Drive,Graphics: Dedicated NVIDIA MX330 2GB GDDR5,https://rukminim1.flixcart.com/image/312/312/kn7sdjk0/computer/l/4/y/na-notebook-dell-original-imagfy6adtf9apuh.jpeg?q=70,,,,,,
Avita Liber Core i5 10th Gen,4.2,1350,213,38490,52990,Intel Core i5 Processor (10th Gen),8 GB DDR4 RAM,256 GB SSD,,,,,,,,,
HP Ryzen 3 Dual Core,4.7,3,0,36600,42150,AMD Ryzen 3 Dual Core Processor,8 GB DDR4 RAM,256 GB HDD,,,,,,,,,
HP Envy Core i5 8th Gen,4.5,674,137,69990,0,Pre-installed Genuine Windows 10 Operating System (Includes Built-in Security, Free Automated Updates, Latest Features),64 bit Windows 10 Operating System,https://rukminim1.flixcart.com/image/312/312/jed4sy80/computer/9/v/z/hp-na-thin-and-light-laptop-original-imaf32khrhydcvdu.jpeg?q=70,,,,,,,
SAMSUNG Core i5 12th Gen,3.8,5,2,63990,70990,Intel Core i5 Processor (12th Gen),16 GB DDR4 RAM,512 GB SSD,,,,,,,,,
Primebook 4G Enabled Android Based MediaTek Kompanio 500,0,0,0,24990,0,MediaTek MediaTek Kompanio 500 Processor,4 GB LPDDR4 RAM,29.46 cm (11.6 Inch) Display,,,,,,,,,
HP Core i3 11th Gen,4,4,0,43500,51812,Intel Core i3 Processor (11th Gen),8 GB DDR4 RAM,512 GB SSD,,,,,,,,,
DELL Inspiron 3510 Pentium Quad Core 11th Gen,0,0,0,35500,40000,Intel Pentium Quad Core Processor (11th Gen),4 GB DDR4 RAM,256 GB SSD,,,,,,,,,
ASUS EeeBook 12 Celeron Dual Core 4th Gen,3.9,197,20,20990,25990,Intel Celeron Dual Core Processor (4th Gen),4 GB DDR4 RAM,29.46 cm (11.6 inch) Display,,,,,,,,,
Lenovo Ideapad Gaming 3 Ryzen 5 Hexa Core 4600H,4.3,402,49,56990,76890,AMD Ryzen 5 Hexa Core Processor,8 GB DDR4 RAM,1 TB HDD,,,,,,,,,
HP 14s Core i3 11th Gen,4.3,442,53,45450,53823,Intel Core i3 Processor (11th Gen),8 GB DDR4 RAM,512 GB SSD,,,,,,,,,
ASUS VivoBook S14 Core i7 8th Gen,4.4,991,172,67990,98990,Intel Core i7 Processor (8th Gen),8 GB DDR4 RAM,1 TB HDD|256 GB SSD,,,,,,,,,
ASUS EeeBook 12 Celeron Dual Core,4.2,13,0,21990,27990,Intel Celeron Dual Core Processor,4 GB DDR4 RAM,29.46 cm (11.6 Inch) Display,,,,,,,,,
HP Core i5 11th Gen,4.2,279,17,51890,65444,Intel Core i5 Processor (11th Gen),8 GB DDR4 RAM,512 GB SSD,,,,,,,,,
MSI GF63 Thin Core i5 10th Gen,4.1,1231,158,54450,72990,Intel Core i5 Processor (10th Gen),8 GB DDR4 RAM,1 TB HDD,,,,,,,,,
HP 15s Core i3 10th Gen,3.6,132,27,41990,44908,Intel Core i3 Processor (10th Gen),4 GB DDR4 RAM,1 TB HDD,,,,,,,,,
HP Ryzen 3 Dual Core,4.7,3,0,36600,42150,AMD Ryzen 3 Dual Core Processor,8 GB DDR4 RAM,256 GB HDD,,,,,,,,,
acer P2 Series Core i5 10th Gen,4.1,295,55,47990,59500,Intel Core i5 Processor (10th Gen),8 GB DDR4 RAM,1 TB HDD,,,,,,,,,
realme Book(Slim) Intel Evo Core i5 11th Gen,4.4,7067,949,59990,69999,Powered by 11th Gen Intel Evo Core i5 Processor,Microsoft Office 2019 Home & Student Included,Intel Core i5 Processor (11th Gen),,,,,,,,,
ASUS Core i5 12th Gen,0,0,0,56490,71000,Intel Core i5 Processor (12th Gen),8 GB DDR4 RAM,512 GB SSD,,,,,,,,,
Lenovo Ideapad S340 Core i3 10th Gen,4.2,525,88,42490,58490,Intel Core i3 Processor (10th Gen),8 GB DDR4 RAM,256 GB SSD,,,,,,,,,
ASUS ExpertBook P1 Core i3 10th Gen,3.8,189,26,32990,39990,Intel Core i3 Processor (10th Gen),4 GB DDR4 RAM,1 TB HDD,,,,,,,,,
Lenovo Ryzen 5 Hexa Core 5600H,0,0,0,59490,89490,AMD Ryzen 5 Hexa Core Processor,8 GB DDR4 RAM,256 GB SSD,,,,,,,,,
Ultimus S152 Celeron Dual Core,0,0,0,23990,29999,Intel Celeron Dual Core Processor,4 GB LPDDR4 RAM,256 GB SSD,,,,,,,,,
ASUS Chromebook Celeron Dual Core,3.6,385,50,18990,22990,Intel Celeron Dual Core Processor,4 GB LPDDR4 RAM,29.46 cm (11.6 Inch) Display,,,,,,,,,
HP 14s Intel Pentium Quad Core,4,447,51,29890,39288,Intel Pentium Quad Core Processor,8 GB DDR4 RAM,256 GB SSD,,,,,,,,,
ASUS Pentium Quad Core 10th Gen,0,0,0,39500,69500,Intel Pentium Quad Core Processor (10th Gen),4 GB DDR4 RAM,128 GB SSD,,,,,,,,,
DELL Core i5 11th Gen,0,0,0,67989,88546,Intel Core i5 Processor (11th Gen),16 GB DDR4 RAM,512 GB SSD,,,,,,,,,
ASUS Vivobook Core i3 11th Gen,4.5,79,10,34990,44990,Intel Core i3 Processor (11th Gen),4 GB DDR4 RAM,256 GB SSD,,,,,,,,,
HP Pavilion Intel Core i5 11th Gen,4.1,41,2,66890,86500,Intel Core i5 Processor (11th Gen),8 GB DDR4 RAM,512 GB SSD,,,,,,,,,
Lenovo Intel Core i5 11th Gen,4.3,3,0,68989,99290,Intel Core i5 Processor (11th Gen),16 GB DDR4 RAM,512 GB SSD,,,,,,,,,
DELL Core i3 11th Gen,0,0,0,45990,61202,Intel Core i3 Processor (11th Gen),8 GB DDR4 RAM,512 GB SSD,,,,,,,,,
ASUS Zenbook 13 Intel EVO Core i5 11th Gen,4.4,70,9,65900,90000,Intel Core i5 Processor (11th Gen),8 GB LPDDR4X RAM,512 GB SSD,,,,,,,,,
ASUS Vivobook 15 Core i5 10th Gen,4.2,110,5,50000,59999,Intel Core i5 Processor (10th Gen),8 GB DDR4 RAM,512 GB SSD,,,,,,,,,
HP Victus Ryzen 5 Hexa Core 5600H,4,9,2,68400,76021,AMD Ryzen 5 Hexa Core Processor,8 GB DDR4 RAM,512 GB SSD,,,,,,,,,
DELL Inspiron Core i5 11th Gen,4.5,122,8,67990,88999,Intel Core i5 Processor (11th Gen),8 GB DDR4 RAM,512 GB SSD,,,,,,,,,
HP 15s Ryzen 3 Dual Core 3250U,4.3,4437,513,44990,48248,AMD Ryzen 3 Dual Core Processor,8 GB DDR4 RAM,1 TB HDD|256 GB SSD,,,,,,,,,
Lenovo Ideapad Slim 5 Ryzen 7 Octa Core 5700U,4.4,257,33,65900,89990,AMD Ryzen 7 Octa Core Processor,16 GB DDR4 RAM,512 GB SSD,,,,,,,,,
acer Travelmate Core i5 11th Gen,4.4,34,1,61990,85000,Intel Core i5 Processor (11th Gen),16 GB DDR4 RAM,1 TB HDD|256 GB SSD,,,,,,,,,
ASUS Ryzen 5 Quad Core 3500U,4.2,57,8,45490,56990,AMD Ryzen 5 Quad Core Processor,8 GB DDR4 RAM,512 GB SSD,,,,,,,,,
Lenovo Core i3 11th Gen,0,0,0,34499,52150,Intel Core i3 Processor (11th Gen),8 GB DDR4 RAM,512 GB SSD,,,,,,,,,
HP 14s Intel Core i5 11th Gen,4.2,18,1,61999,81000,Intel Core i5 Processor (11th Gen),8 GB DDR4 RAM,512 GB SSD,,,,,,,,,
Lenovo IdeaPad 3 Core i3 10th Gen,4.3,8,0,31990,53790,Intel Core i3 Processor (10th Gen),4 GB DDR4 RAM,256 GB SSD,,,,,,,,,
Lenovo Athlon Dual Core 3050U,0,0,0,18990,36000,AMD Athlon Dual Core Processor,4 GB DDR4 RAM,1 TB HDD,,,,,,,,,
DELL Inspiron Core i3 11th Gen,4.3,419,37,46890,58567,Intel Core i3 Processor (11th Gen),8 GB DDR4 RAM,1 TB HDD|256 GB SSD,,,,,,,,,
HP 14s Intel Core i3 11th Gen,4.3,646,65,47199,53000,Intel Core i3 Processor (11th Gen),8 GB DDR4 RAM,512 GB SSD,,,,,,,,,
realme Book(Slim) Intel Evo Core i5 11th Gen,4.4,7067,949,59990,69999,Powered by 11th Gen Intel Evo Core i5 Processor,Microsoft Office 2019 Home & Student Included,Intel Core i5 Processor (11th Gen),,,,,,,,,
DELL Inspiron Core i5 11th Gen,4.2,76,10,55990,76000,Intel Core i5 Processor (11th Gen),8 GB DDR4 RAM,512 GB SSD,,,,,,,,,
Lenovo ThinkBook 13s Core i5 11th Gen,4,91,9,67990,121608,Intel Core i5 Processor (11th Gen),8 GB DDR4 RAM,1 TB SSD,,,,,,,,,
DELL Core i5 11th Gen,4.2,166,14,69990,95990,Processor: i5-11260H (Base: 2.60 GHz up to 4.40 GHz) 12MB Cache,RAM & Storage: 16GB DDR4 (2 DIMM Slots) 512GB SSD,"Display: 15.6"" FHD WVA AG 250 nits 120Hz Narrow Border",https://rukminim1.flixcart.com/image/312/312/xif0q/computer/y/9/l/-original-imaghzahumgmsmj5.jpeg?q=70,,,,,,,,
Lenovo Ryzen 5 Hexa Core 5600H,0,0,0,59490,89490,AMD Ryzen 5 Hexa Core Processor,8 GB DDR4 RAM,256 GB SSD,,,,,,,,,
DELL Inspiron Core i3 11th Gen,4.3,1889,200,41490,58225,Processor: Intel i3-1115G4 (Base- 1.70 GHz & Turbo up to 4.10 GHz) 2 Cores,RAM & Storage: 8GB DDR4 & 1TB + 256GB SSD,"Display: 15.6"" FHD WVA AG Narrow Border",,,,,,,,,
DELL Ryzen 3 Quad Core 5425U,4.4,87,15,35290,50837,Processor: R3-5425U (2.70 GHz up to 4.1 GHz),RAM & Storage: 8GB DDR4 & 256GB SSD,Software: Win 11 + Office H&S 2021,,,,,,,,,
ASUS Vivobook 15 OLED (2022) Core i5 12th Gen,5,9,1,67500,85990,Get unparalleled power and reliability with the new Intel 12th Gen CPU,15.6 Inch Full HD OLED 16:9 aspect ratio, 0.2ms response time, 100% DCI-P3 color gamut, VESA CERTIFIED Display HDR True Black 600, 1.07 billion colors, PANTONE Validated, Glossy display, 70% less harmful blue light, TUV Rheinland-certified,Light Laptop without Optical Disk Drive,https://rukminim1.flixcart.com/image/312/312/xif0q/computer/k/b/q/-original-imaghsggzmjg7qgn.jpeg?q=70
Lenovo Ideapad Slim 5i Core i5 11th Gen,4.1,115,12,65999,0,Intel Core i5 Processor (11th Gen),8 GB DDR4 RAM,512 GB SSD,,,,,,,,,
Lenovo IdeaPad Gaming Core i7 10th Gen,4.5,112,6,75989,102090,Intel Core i7 Processor (10th Gen),8 GB DDR4 RAM,512 GB SSD,,,,,,,,,
ASUS Vivobook 14 Core i3 10th Gen,3.9,129,13,31990,40990,Intel Core i3 Processor (10th Gen),8 GB DDR4 RAM,1 TB HDD,,,,,,,,,
HP Pavilion Core i5 7th Gen,4,205,72,61290,0,Full HD LED Backlit IPS UWVA Display,Preloaded Microsoft Office Home and Student 2016,NVIDIA GeForce 940MX Graphics,,,,,,,,,
Lenovo Intel Core i3 11th Gen,4.2,179,17,34490,48490,Intel Core i3 Processor (11th Gen),8 GB DDR4 RAM,256 GB SSD,,,,,,,,,
Lenovo Athlon Dual Core 3050U,0,0,0,18990,29999,AMD Athlon Dual Core Processor,4 GB DDR4 RAM,1 TB HDD,,,,,,,,,
HP Core i3 11th Gen,4,5,0,41999,45743,Intel Core i3 Processor (11th Gen),8 GB DDR4 RAM,512 GB SSD,,,,,,,,,
acer Gaming Core i5 11th Gen,0,0,0,62990,99999,Intel Core i5 Processor (11th Gen),16 GB DDR4 RAM,512 GB SSD,,,,,,,,,
DELL Inspiron Core i5 11th Gen,4.3,76,3,57990,83014,Intel Core i5 Processor (11th Gen),16 GB DDR4 RAM,512 GB SSD,,,,,,,,,
DELL Vostro Core i3 10th Gen,4.2,70,7,43490,60541,Intel Core i3 Processor (10th Gen),8 GB DDR4 RAM,512 GB SSD,,,,,,,,,
ASUS Vivobook S 14 Flip Ryzen 5 Hexa Core R5,0,0,0,69000,79000,AMD Ryzen 5 Hexa Core Processor,8 GB DDR4 RAM,512 GB SSD,,,,,,,,,
DELL Core i3 11th Gen,0,0,0,43990,61408,Intel Core i3 Processor (11th Gen),8 GB DDR4 RAM,512 GB SSD,,,,,,,,,
realme Book(Slim) Intel Evo Core i5 11th Gen,4.4,7067,949,59990,69999,Powered by 11th Gen Intel Evo Core i5 Processor,Microsoft Office 2019 Home & Student Included,Intel Core i5 Processor (11th Gen),,,,,,,,,
HP Core i3 11th Gen,4.2,564,60,40580,48476,Intel Core i3 Processor (11th Gen),8 GB DDR4 RAM,512 GB SSD,,,,,,,,,
DELL Inspiron Ryzen 3 Dual Core 3250U,4,5,1,38990,55133,AMD Ryzen 3 Dual Core Processor,8 GB DDR4 RAM,1 TB HDD|256 GB SSD,,,,,,,,,
ASUS Vivobook 14 Core i3 11th Gen,4.3,25,3,37000,49999,Intel Core i3 Processor (11th Gen),8 GB DDR4 RAM,512 GB SSD,,,,,,,,,
Lenovo Ryzen 5 Hexa Core 5600H,0,0,0,59490,89490,AMD Ryzen 5 Hexa Core Processor,8 GB DDR4 RAM,256 GB SSD,,,,,,,,,
DELL Inspiron Ryzen 5 Dual Core 3450U,4.3,51,8,39990,62422,Processor: AMD Ryzen 5-3450U (2.10 GHz up to 3.50 GHz),RAM & Storage: 8GB DDR4 (2 DIMM Slots) & 512GB SSD,"Display: 15.6"" FHD WVA AG Narrow Border",,,,,,,,,
ASUS Vivobook 14 Pentium Quad Core,4.4,21,3,33900,39990,Intel Pentium Quad Core Processor,8 GB DDR4 RAM,256 GB SSD,,,,,,,,,
Lenovo Core i3 11th Gen,0,0,0,44490,59999,Intel Core i3 Processor (11th Gen),8 GB DDR4 RAM,512 GB SSD,,,,,,,,,
ASUS Ryzen 7 Dual Core 11th Gen,0,0,0,68600,89900,AMD Ryzen 7 Dual Core Processor (11th Gen),16 GB DDR4 RAM,512 GB SSD,,,,,,,,,
DELL Core i5 11th Gen,0,0,0,59340,89902,Intel Core i5 Processor (11th Gen),8 GB DDR4 RAM,512 GB SSD,,,,,,,,,
ASUS Vivobook 15 Core i5 12th Gen,3.9,8,1,66900,73600,Intel Core i5 Processor (12th Gen),16 GB DDR4 RAM,512 GB SSD,,,,,,,,,
HP Core i3 11th Gen,4.3,1294,110,40890,49599,Intel Core i3 Processor (11th Gen),8 GB DDR4 RAM,512 GB SSD,,,,,,,,,
DELL Inspiron Core i5 11th Gen,4.4,57,10,65999,79999,Intel Core i5 Processor (11th Gen),8 GB LPDDR4X RAM,512 GB SSD,,,,,,,,,
HP intel Celeron Dual Core,3.7,3,1,26490,31531,Intel Celeron Dual Core Processor,4 GB LPDDR4 RAM,35.56 cm (14 Inch) Touchscreen Display,,,,,,,,,
HP 247 G8 Ryzen 3 Quad Core,3.8,241,32,30399,39999,AMD Ryzen 3 Quad Core Processor,8 GB DDR4 RAM,512 GB SSD,,,,,,,,,
AXL Celeron Dual Core,0,0,0,18990,31990,Intel Celeron Dual Core Processor,4 GB DDR4 RAM,128 GB SSD,,,,,,,,,
ASUS VivoBook Ultra 14 Core i5 11th Gen,4.3,213,28,55241,79990,Intel Core i5 Processor (11th Gen),8 GB DDR4 RAM,512 GB SSD,,,,,,,,,
HP Victus Ryzen 5 Hexa Core 5600H,0,0,0,68990,84198,AMD Ryzen 5 Hexa Core Processor,8 GB DDR4 RAM,512 GB SSD,,,,,,,,,
Lenovo IdeaPad 3 Core i3 11th Gen,4.3,810,95,38990,61590,Intel Core i3 Processor (11th Gen),8 GB DDR4 RAM,256 GB SSD,,,,,,,,,
ASUS Core i5 10th Gen,4.3,6061,519,47990,62990,Intel Core i5 Processor (10th Gen),8 GB DDR4 RAM,512 GB SSD,,,,,,,,,
Lenovo Intel Core i5 12th Gen,0,0,0,68300,97890,Intel Core i5 Processor (12th Gen),16 GB DDR4 RAM,512 GB SSD,,,,,,,,,
Lenovo IdeaPad 3 Core i3 11th Gen,4.3,810,95,38990,61590,Intel Core i3 Processor (11th Gen),8 GB DDR4 RAM,256 GB SSD,,,,,,,,,
ASUS Ryzen 7 Octa Core 10th Gen,0,0,0,102000,136990,AMD Ryzen 7 Octa Core Processor (10th Gen),16 GB DDR4 RAM,512 GB SSD,,,,,,,,,
ASUS Vivobook X515EA Core i3 11th Gen,4.2,32,5,36990,51990,Intel Core i3 Processor (11th Gen),8 GB DDR4 RAM,256 GB SSD,,,,,,,,,
Lenovo IdeaPad 3 Core i3 10th Gen,4.3,8,0,31990,53790,Intel Core i3 Processor (10th Gen),4 GB DDR4 RAM,256 GB SSD,,,,,,,,,
Lenovo Intel Core i5 12th Gen,0,0,0,68300,97890,Intel Core i5 Processor (12th Gen),16 GB DDR4 RAM,512 GB SSD,,,,,,,,,
HP Core i3 11th Gen,4.3,1362,142,47199,50774,Intel Core i3 Processor (11th Gen),8 GB DDR4 RAM,512 GB SSD,,,,,,,,,
DELL Ryzen 5 Quad Core,0,0,0,46290,59809,AMD Ryzen 5 Quad Core Processor,8 GB DDR4 RAM,512 GB SSD,,,,,,,,,
realme Book(Slim) Intel Evo Core i5 11th Gen,4.4,7067,949,59990,69999,Powered by 11th Gen Intel Evo Core i5 Processor,Microsoft Office 2019 Home & Student Included,Intel Core i5 Processor (11th Gen),,,,,,,,,
HP 15s Intel Core i5 12th Gen,4.2,1284,117,63350,68900,Intel Core i5 Processor (12th Gen),8 GB DDR4 RAM,512 GB SSD,,,,,,,,,
ASUS Core i5 10th Gen,4.3,6061,519,47990,62990,Intel Core i5 Processor (10th Gen),8 GB DDR4 RAM,512 GB SSD,,,,,,,,,
DELL Core i3 11th Gen,4,3,0,41890,55890,Intel Core i3 Processor (11th Gen),8 GB DDR4 RAM,512 GB SSD,,,,,,,,,
DELL Inspiron Core i5 11th Gen,4.2,76,10,54490,72234,Intel Core i5 Processor (11th Gen),8 GB DDR4 RAM,1 TB HDD|256 GB SSD,,,,,,,,,
MSI GF63 Thin Core i5 9th Gen,4.5,1198,151,59990,72990,Intel Core i5 Processor (9th Gen),8 GB DDR4 RAM,512 GB SSD,,,,,,,,,
ASUS Vivobook 15 Ryzen 3 Dual Core AMD Ryzen 3 3250U,4.4,100,26,35990,49990,AMD Ryzen 3 Dual Core Processor,8 GB DDR4 RAM,512 GB SSD,,,,,,,,,
Lenovo Ideapad Slim 3i (2021) Core i5 11th Gen,4.3,441,43,54990,75390,Intel Core i5 Processor (11th Gen),8 GB DDR4 RAM,256 GB SSD,,,,,,,,,
Lenovo Athlon Dual Core,4,7,1,21989,38000,AMD Athlon Dual Core Processor,4 GB DDR4 RAM,256 GB SSD,,,,,,,,,
HP 15s Core i5 11th Gen,4.4,846,80,59500,66523,Intel Core i5 Processor (11th Gen),8 GB DDR4 RAM,512 GB SSD,,,,,,,,,
DELL Inspiron Core i3 11th Gen,4.4,10,0,41990,55890,Intel Core i3 Processor (11th Gen),8 GB DDR4 RAM,1 TB HDD|256 GB SSD,,,,,,,,,
DELL Inspiron Core i5 11th Gen,0,0,0,63990,74990,Intel Core i5 Processor (11th Gen),8 GB DDR4 RAM,512 GB SSD,,,,,,,,,
ASUS VivoBook Ultra 14 Core i5 11th Gen,4.3,213,28,55241,79990,Intel Core i5 Processor (11th Gen),8 GB DDR4 RAM,512 GB SSD,,,,,,,,,
acer Aspire 3 Celeron Dual Core,4.5,24,6,26990,34990,Intel Celeron Dual Core Processor,8 GB DDR4 RAM,256 GB SSD,,,,,,,,,
HP MediaTek Kompanio 500,0,0,0,25999,0,MediaTek MediaTek Kompanio 500 Processor,64 GB DDR4 RAM,29.46 cm (11.6 inch) Touchscreen Display,,,,,,,,,
Lenovo IdeaPad Gaming Ryzen 5 Hexa Core 5600H,4,9,2,67589,89490,AMD Ryzen 5 Hexa Core Processor,8 GB DDR4 RAM,512 GB SSD,,,,,,,,,
ASUS Vivobook S14 Ryzen 5 Hexa Core Ryzen,0,0,0,61630,78990,AMD Ryzen 5 Hexa Core Processor,8 GB DDR4 RAM,1 TB SSD,,,,,,,,,
Lenovo Thinkpad Ryzen 5 Hexa Core 5600U,4.5,50,6,65499,78400,AMD Ryzen 5 Hexa Core Processor,8 GB DDR4 RAM,512 GB SSD,,,,,,,,,
Lenovo Core i3 10th Gen,3.9,119,13,33500,41414,Intel Core i3 Processor (10th Gen),4 GB DDR4 RAM,1 TB HDD,,,,,,,,,
DELL Core i5 11th Gen,0,0,0,54490,77168,Intel Core i5 Processor (11th Gen),8 GB DDR4 RAM,512 GB SSD,,,,,,,,,
Lenovo IdeaPad 3 Core i3 10th Gen,4.3,8,0,31990,53790,Intel Core i3 Processor (10th Gen),4 GB DDR4 RAM,256 GB SSD,,,,,,,,,
ASUS VivoBook K15 OLED (2022) Core i3 11th Gen,4.4,1412,240,55000,58990,Intel Core i3 Processor (11th Gen),8 GB DDR4 RAM,256 GB SSD,,,,,,,,,
DELL G15 Core i5 10th Gen,4.3,333,29,67000,78014,NVIDIA GeForce GTX 1650,15.6 inches Full HD, 2-sided narrow bezel, 250 Nits,Game shift key for Turbo boost of power,https://rukminim1.flixcart.com/image/312/312/kqgyhe80/computer/d/l/f/g15-5510-notebook-dell-original-imag4gy96ahhtmvz.jpeg?q=70,,,,,,
HP Pavilion Aero Ryzen 5 Hexa Core 5600U,4.3,147,24,64450,89990,AMD Ryzen 5 Hexa Core Processor,16 GB DDR4 RAM,512 GB SSD,,,,,,,,,
realme Book(Slim) Intel Evo Core i5 11th Gen,4.4,7067,949,59990,69999,Powered by 11th Gen Intel Evo Core i5 Processor,Microsoft Office 2019 Home & Student Included,Intel Core i5 Processor (11th Gen),,,,,,,,,
Lenovo Core i5 11th Gen,0,0,0,61990,84190,Intel Core i5 Processor (11th Gen),8 GB DDR4 RAM,512 GB SSD,,,,,,,,,
DELL Core i3 11th Gen,0,0,0,43990,53799,Intel Core i3 Processor (11th Gen),8 GB DDR4 RAM,1 TB HDD|256 GB SSD,,,,,,,,,
HP 14s Intel Core i3 11th Gen,4.3,2938,316,40000,48999,Intel Core i3 Processor (11th Gen),8 GB DDR4 RAM,256 GB SSD,,,,,,,,,
Lenovo Ryzen 5 Hexa Core 5600H,0,0,0,59490,89490,AMD Ryzen 5 Hexa Core Processor,8 GB DDR4 RAM,256 GB SSD,,,,,,,,,
HP Ryzen 3 Dual Core 3250U,4.3,3850,399,37250,46698,AMD Ryzen 3 Dual Core Processor,8 GB DDR4 RAM,256 GB SSD,,,,,,,,,
DELL Athlon Dual Core,0,0,0,33990,47489,AMD Athlon Dual Core Processor,8 GB DDR4 RAM,256 GB SSD,,,,,,,,,
ASUS Pentium Quad Core,0,0,0,28959,39880,Intel Pentium Quad Core Processor,8 GB DDR4 RAM,256 GB SSD,,,,,,,,,
DELL Inspiron Ryzen 3 Dual Core 3250U,4.2,118,15,38990,52602,AMD Ryzen 3 Dual Core Processor,8 GB DDR4 RAM,256 GB SSD,,,,,,,,,
HP 15s Ryzen 5 Quad Core 3500U,4.5,1672,344,45116,48471,AMD Ryzen 5 Quad Core Processor,8 GB DDR4 RAM,512 GB SSD,,,,,,,,,
HP Ryzen 3 Dual Core 3rd Gen,4.2,25,2,33490,42654,AMD Ryzen 3 Dual Core Processor (3rd Gen),8 GB DDR4 RAM,1 TB HDD,,,,,,,,,
DELL Inspiron Ryzen 3 Dual Core 3250U,4.1,459,42,38890,49613,AMD Ryzen 3 Dual Core Processor,8 GB DDR4 RAM,1 TB HDD,,,,,,,,,
Lenovo IdeaPad Flex 5 Core i3 11th Gen,4.4,66,4,58490,82490,Intel Core i3 Processor (11th Gen),8 GB DDR4 RAM,512 GB SSD,,,,,,,,,
HP Pavilion Ryzen 5 Hexa Core 5500U,4.6,29,3,64990,69500,AMD Ryzen 5 Hexa Core Processor,16 GB DDR4 RAM,512 GB SSD,,,,,,,,,
Lenovo Thinkbook Core i3 11th Gen,0,0,0,45500,89900,Intel Core i3 Processor (11th Gen),8 GB DDR4 RAM,512 GB SSD,,,,,,,,,
ASUS Asus Vivobook 15 Core i5 11th Gen,3.3,4,2,45980,59500,Intel Core i5 Processor (11th Gen),8 GB DDR4 RAM,512 GB SSD,,,,,,,,,
HP Pavilion Gaming Ryzen 5 Hexa Core 4600H,4.5,354,37,61500,75000,AMD Ryzen 5 Hexa Core Processor,8 GB DDR4 RAM,1 TB HDD|256 GB SSD,,,,,,,,,
DELL DELL 5590 Core i5 10th Gen,0,0,0,69899,76000,Intel Core i5 Processor (10th Gen),8 GB DDR4 RAM,512 GB SSD,,,,,,,,,
acer Swift 3 Core i5 8th Gen,3.4,36,7,59434,65546,Intel Core i5 Processor (8th Gen),8 GB DDR4 RAM,256 GB SSD,,,,,,,,,
HP Ryzen 3 Dual Core,3.5,18,2,27990,43628,AMD Ryzen 3 Dual Core Processor,8 GB DDR4 RAM,256 GB SSD,,,,,,,,,
Lenovo IdeaPad 3 Core i3 10th Gen,4.3,8,0,31990,53790,Intel Core i3 Processor (10th Gen),4 GB DDR4 RAM,256 GB SSD,,,,,,,,,
Avita PURA APU Dual Core A6,3.7,1597,228,17990,27990,AMD APU Dual Core A6 Processor,4 GB DDR4 RAM,128 GB SSD,,,,,,,,,
ASUS Vivobook 15 Core i5 11th Gen,0,0,0,50990,66990,Intel Core i5 Processor (11th Gen),8 GB DDR4 RAM,512 GB SSD,,,,,,,,,
Lenovo IdeaPad 3 Chromebook Celeron Dual Core,3.5,1369,162,19990,24840,Intel Celeron Dual Core Processor,4 GB LPDDR4 RAM,29.46 cm (11.6 Inch) Display,,,,,,,,,
realme Book(Slim) Intel Evo Core i5 11th Gen,4.4,7067,949,59990,69999,Powered by 11th Gen Intel Evo Core i5 Processor,Microsoft Office 2019 Home & Student Included,Intel Core i5 Processor (11th Gen),,,,,,,,,
HP Intel Core i5 11th Gen,4.3,1650,136,61000,64011,Intel Core i5 Processor (11th Gen),8 GB DDR4 RAM,512 GB SSD,,,,,,,,,
Vaio E Series Ryzen 7 Quad Core 3700U,3.7,178,34,57990,76090,AMD Ryzen 7 Quad Core Processor,8 GB DDR4 RAM,512 GB SSD,,,,,,,,,
Nokia PureBook S14 Core i5 10th Gen,3.9,462,88,43990,74990,Intel Core i5 Processor (10th Gen),8 GB DDR4 RAM,512 GB SSD,,,,,,,,,
Vaio E Series Ryzen 7 Quad Core 3700U,3.7,178,34,52990,76090,AMD Ryzen 7 Quad Core Processor,8 GB DDR4 RAM,512 GB SSD,,,,,,,,,
DELL Vostro Core i3 11th Gen,3.9,2225,226,40500,44780,Intel Core i3 Processor (11th Gen),8 GB DDR4 RAM,1 TB HDD,,,,,,,,,
Avita Liber V14 Ryzen 5 Quad Core 3500U,4.1,2586,497,49990,55490,AMD Ryzen 5 Quad Core Processor,8 GB DDR4 RAM,512 GB SSD,,,,,,,,,
ASUS Chromebook Celeron Dual Core,3.8,1119,163,21990,24990,Intel Celeron Dual Core Processor,4 GB LPDDR4 RAM,35.56 cm (14 inch) Display,,,,,,,,,
HP G8 Ryzen 3 Dual Core 3250U,3.5,39,3,28490,41610,AMD Ryzen 3 Dual Core Processor,8 GB DDR4 RAM,1 TB HDD,,,,,,,,,
Lenovo Ideapad S145 Core i3 10th Gen,4,811,101,36490,39956,Intel Core i3 Processor (10th Gen),8 GB DDR4 RAM,256 GB SSD,,,,,,,,,
HP Core i3 11th Gen,3.6,17,4,37990,44176,Intel Core i3 Processor (11th Gen),8 GB DDR4 RAM,512 GB SSD,,,,,,,,,
Avita Liber Core i7 10th Gen,3.8,316,59,51990,83390,Intel Core i7 Processor (10th Gen),16 GB DDR4 RAM,1 TB SSD,,,,,,,,,
Lenovo Ideapad S145 Ryzen 3 Dual Core 3200U,3.9,6201,932,30490,37190,AMD Ryzen 3 Dual Core Processor,4 GB DDR4 RAM,1 TB HDD,,,,,,,,,
Lenovo Ideapad 330 Ryzen 5 Quad Core 2500U,4.1,4191,775,29990,39577,AMD Ryzen 5 Quad Core Processor,4 GB DDR4 RAM,1 TB HDD,,,,,,,,,
ASUS Vivo Book Core i3 10th Gen,4.6,8,0,38000,42990,Intel Core i3 Processor (10th Gen),4 GB DDR4 RAM,1 TB HDD,,,,,,,,,
HP Laptop 255 G8 Notebook Ryzen 3 Dual Core AMD Ryzen 3,3.5,30,4,32283,39498,AMD Ryzen 3 Dual Core Processor,8 GB DDR4 RAM,1 TB HDD,,,,,,,,,
HP Core i3 10th Gen,4,45,3,39643,0,Intel Core i3 Processor (10th Gen),4 GB DDR4 RAM,1 TB HDD,,,,,,,,,
ASUS Asus Vivobook 15 Core i5 11th Gen,3.3,4,2,49990,68990,Intel Core i5 Processor (11th Gen),8 GB DDR4 RAM,512 GB SSD,,,,,,,,,
DELL Inspiron Core i5 12th Gen,0,0,0,67990,78276,Intel Core i5 Processor (12th Gen),8 GB DDR4 RAM,512 GB SSD,,,,,,,,,
HP Core i3 11th Gen,0,0,0,39676,44616,Intel Core i3 Processor (11th Gen),8 GB DDR4 RAM,1 TB HDD,,,,,,,,,
Lenovo IdeaPad 3 Core i3 10th Gen,4.3,8,0,31990,53790,Intel Core i3 Processor (10th Gen),4 GB DDR4 RAM,256 GB SSD,,,,,,,,,
HP 15s Intel Core i5 11th Gen,3.5,15,0,59980,73034,Intel Core i5 Processor (11th Gen),8 GB DDR4 RAM,512 GB SSD,,,,,,,,,
Avita Liber Core i5 7th Gen,0,0,0,65556,79990,Intel Core i5 Processor (7th Gen),8 GB DDR4 RAM,512 GB SSD,,,,,,,,,
Avita Liber Core i5 7th Gen,0,0,0,65556,79990,Intel Core i5 Processor (7th Gen),8 GB DDR4 RAM,512 GB SSD,,,,,,,,,
realme Book(Slim) Intel Evo Core i5 11th Gen,4.4,7067,949,59990,69999,Powered by 11th Gen Intel Evo Core i5 Processor,Microsoft Office 2019 Home & Student Included,Intel Core i5 Processor (11th Gen),,,,,,,,,
Avita Liber Core i5 7th Gen,0,0,0,65556,79990,Intel Core i5 Processor (7th Gen),8 GB DDR4 RAM,512 GB SSD,,,,,,,,,
ASUS Ryzen 5 Quad Core 3rd Gen,3,5,1,41990,57990,AMD Ryzen 5 Quad Core Processor (3rd Gen),8 GB DDR4 RAM,512 GB SSD,,,,,,,,,
Nokia PureBook S14 Core i5 11th Gen,4,95,20,47990,82990,Intel Core i5 Processor (11th Gen),8 GB DDR4 RAM,512 GB SSD,,,,,,,,,
DELL Inspiron Core i5 11th Gen,4.2,147,14,55990,75946,Intel Core i5 Processor (11th Gen),8 GB DDR4 RAM,1 TB HDD|256 GB SSD,,,,,,,,,
HP Chromebook MediaTek Kompanio 500,3.8,5944,681,20691,25451,MediaTek MediaTek Kompanio 500 Processor,4 GB LPDDR4X RAM,29.46 cm (11.6 inch) Touchscreen Display,,,,,,,,,
DELL Inspiron Core i5 11th Gen,3.9,58,8,62490,87150,Intel Core i5 Processor (11th Gen),8 GB DDR4 RAM,1 TB HDD|256 GB SSD,,,,,,,,,
DELL INSPIRON Core i3 10th Gen,4,591,56,47899,49078,Intel Core i3 Processor (10th Gen),8 GB DDR4 RAM,1 TB HDD,,,,,,,,,
Lenovo Ideapad Slim 3i (2021) Core i5 11th Gen,4.3,553,52,62615,74390,Intel Core i5 Processor (11th Gen),8 GB DDR4 RAM,512 GB SSD,,,,,,,,,
Lenovo IdeaPad Core i3 10th Gen,4.2,489,53,38500,52250,Intel Core i3 Processor (10th Gen),8 GB DDR4 RAM,256 GB SSD,,,,,,,,,
Lenovo Ideapad 530s Core i5 8th Gen,4.4,22,3,59999,80000,Intel Core i5 Processor (8th Gen),8 GB DDR4 RAM,512 GB SSD,,,,,,,,,
DELL Inspiron Core i3 4th Gen,3.3,37,8,32000,33000,Intel Core i3 Processor (4th Gen),4 GB DDR3 RAM,1 TB HDD,,,,,,,,,
Lenovo Yoga Slim 7 Core i5 10th Gen,3.9,23,3,68999,101090,Intel Core i5 Processor (10th Gen),8 GB LPDDR4X RAM,512 GB SSD,,,,,,,,,
ASUS Ryzen 3 Dual Core 3250U,4.2,220,34,35500,37990,AMD Ryzen 3 Dual Core Processor,4 GB DDR4 RAM,256 GB SSD,,,,,,,,,
HP Pavilion 15,4.1,23,3,64990,68270,Intel Core i5 Processor (8th Gen),8 GB DDR4 RAM,1 TB HDD,,,,,,,,,
Lenovo Core i3 11th Gen,3.8,61,5,33990,39000,Intel Core i3 Processor (11th Gen),4 GB DDR4 RAM,256 GB SSD,,,,,,,,,
Lenovo Core i5 11th Gen,4,34,5,65990,97890,Intel Core i5 Processor (11th Gen),8 GB DDR4 RAM,512 GB SSD,,,,,,,,,
ASUS Core i3 10th Gen,3.3,478,72,30990,46990,Intel Core i3 Processor (10th Gen),8 GB DDR4 RAM,1 TB HDD,,,,,,,,,
acer Extensa 15 Pentium Quad Core,3.3,93,11,25490,38999,Intel Pentium Quad Core Processor,4 GB DDR4 RAM,1 TB HDD,,,,,,,,,
DELL Ryzen 5 Hexa Core 5625U,0,0,0,52990,70250,AMD Ryzen 5 Hexa Core Processor,8 GB DDR4 RAM,512 GB SSD,,,,,,,,,
Lenovo IdeaPad 3 Core i3 10th Gen,4.3,8,0,31990,53790,Intel Core i3 Processor (10th Gen),4 GB DDR4 RAM,256 GB SSD,,,,,,,,,
ASUS Celeron Dual Core,3.7,17745,2300,22990,30990,Intel Celeron Dual Core Processor,4 GB DDR4 RAM,1 TB HDD,,,,,,,,,
DELL Vostro Core i3 11th Gen,0,0,0,44490,56437,Intel Core i3 Processor (11th Gen),8 GB DDR4 RAM,512 GB SSD,,,,,,,,,
acer Aspire 5 Core i3 12th Gen,0,0,0,47990,59999,Intel Core i3 Processor (12th Gen),8 GB DDR4 RAM,512 GB SSD,,,,,,,,,
realme Book(Slim) Intel Evo Core i5 11th Gen,4.4,7067,949,59990,69999,Powered by 11th Gen Intel Evo Core i5 Processor,Microsoft Office 2019 Home & Student Included,Intel Core i5 Processor (11th Gen),,,,,,,,,
Lenovo Intel Celeron Dual Core 4th Gen,2.9,93,19,22700,34890,Intel Celeron Dual Core Processor (4th Gen),4 GB LPDDR4 RAM,35.56 cm (14 inch) Display,,,,,,,,,
DELL Vostro Core i3 11th Gen,3.1,8,0,44690,59781,Intel Core i3 Processor (11th Gen),4 GB DDR4 RAM,1 TB HDD|256 GB SSD,,,,,,,,,
Avita PURA APU Dual Core A6,3.7,1597,228,18490,27990,AMD APU Dual Core A6 Processor,4 GB DDR4 RAM,128 GB SSD,,,,,,,,,
DELL Inspiron Core i3 11th Gen,0,0,0,45090,59550,Intel Core i3 Processor (11th Gen),8 GB DDR4 RAM,512 GB SSD,,,,,,,,,
DELL Inspiron Ryzen 3 Dual Core 3250U,3.4,30,4,37390,51574,AMD Ryzen 3 Dual Core Processor,8 GB DDR4 RAM,1 TB HDD,,,,,,,,,
acer Aspire 3 Pentium Quad Core,4.2,5783,904,27490,32999,Intel Pentium Quad Core Processor,4 GB DDR3 RAM,500 GB HDD,,,,,,,,,
ASUS Vivobook 14 Core i3 10th Gen,3.2,40,7,33990,42990,Intel Core i3 Processor (10th Gen),4 GB DDR4 RAM,1 TB HDD,,,,,,,,,
Lenovo APU Dual Core A9 A99425,3.7,108,17,25250,28000,AMD APU Dual Core A9 Processor,4 GB DDR4 RAM,1 TB HDD,,,,,,,,,
HP Chromebook MediaTek Kompanio 500,3.8,5944,681,22990,25451,MediaTek MediaTek Kompanio 500 Processor,4 GB LPDDR4X RAM,29.46 cm (11.6 inch) Touchscreen Display,,,,,,,,,
Lenovo Core i3 11th Gen,3.5,171,25,33990,45832,Intel Core i3 Processor (11th Gen),4 GB DDR4 RAM,1 TB HDD,,,,,,,,,
DELL Inspiron Ryzen 5 Hexa Core 5625U,0,0,0,53990,68782,AMD Ryzen 5 Hexa Core Processor,8 GB DDR4 RAM,512 GB SSD,,,,,,,,,
DELL Core i3 10th Gen,3.3,122,20,41990,54992,Intel Core i3 Processor (10th Gen),8 GB DDR4 RAM,1 TB HDD,,,,,,,,,
acer Aspire 5 Core i5 8th Gen,4,75,21,61990,62549,Intel Core i5 Processor (8th Gen),8 GB DDR4 RAM,1 TB HDD,,,,,,,,,
DELL Core i3 10th Gen,2.9,105,8,46000,59101,Intel Core i3 Processor (10th Gen),8 GB DDR4 RAM,1 TB HDD|256 GB SSD,,,,,,,,,
acer Aspire 3 Core i5 10th Gen,3.3,37,6,49745,56491,Intel Core i5 Processor (10th Gen),8 GB DDR4 RAM,1 TB HDD,,,,,,,,,
DELL Ryzen 3 Dual Core 3250U,3.5,17,3,39990,53640,AMD Ryzen 3 Dual Core Processor,8 GB DDR4 RAM,256 GB SSD,,,,,,,,,
DELL Core i3 10th Gen,3.3,122,20,41990,54992,Intel Core i3 Processor (10th Gen),8 GB DDR4 RAM,1 TB HDD,,,,,,,,,
DELL Inspiron Ryzen 5 Hexa Core 5625U,0,0,0,53990,68782,AMD Ryzen 5 Hexa Core Processor,8 GB DDR4 RAM,512 GB SSD,,,,,,,,,
DELL Ryzen 3 Dual Core 3250U,3.5,17,3,39990,53640,AMD Ryzen 3 Dual Core Processor,8 GB DDR4 RAM,256 GB SSD,,,,,,,,,
Lenovo IdeaPad 3 Core i3 10th Gen,4.3,8,0,31990,53790,Intel Core i3 Processor (10th Gen),4 GB DDR4 RAM,256 GB SSD,,,,,,,,,
acer Aspire 5 Core i5 8th Gen,4,75,21,61990,62549,Intel Core i5 Processor (8th Gen),8 GB DDR4 RAM,1 TB HDD,,,,,,,,,
DELL Core i3 10th Gen,2.9,105,8,46000,59101,Intel Core i3 Processor (10th Gen),8 GB DDR4 RAM,1 TB HDD|256 GB SSD,,,,,,,,,
Lenovo E41 APU Dual Core A6 A6,3.4,39,11,27490,29000,AMD APU Dual Core A6 Processor,4 GB DDR4 RAM,1 TB HDD,,,,,,,,,
realme Book(Slim) Intel Evo Core i5 11th Gen,4.4,7067,949,59990,69999,Powered by 11th Gen Intel Evo Core i5 Processor,Microsoft Office 2019 Home & Student Included,Intel Core i5 Processor (11th Gen),,,,,,,,,
Smartron t.book flex Core i5 7th Gen,3.9,28,4,52990,55999,Intel Core i5 Processor (7th Gen),4 GB DDR3 RAM,128 GB SSD,,,,,,,,,
Smartron t.book flex Core i5 7th Gen,3.5,30,9,53490,55999,Intel Core i5 Processor (7th Gen),4 GB DDR3 RAM,128 GB SSD,,,,,,,,,
HP Chromebook MediaTek Kompanio 500,3.8,5944,681,22990,25451,MediaTek MediaTek Kompanio 500 Processor,4 GB DDR4 RAM,29.46 cm (11.6 inch) Touchscreen Display,,,,,,,,,
Lenovo Ryzen 5 Hexa Core 5600H,0,0,0,59490,89490,AMD Ryzen 5 Hexa Core Processor,8 GB DDR4 RAM,256 GB SSD,,,,,,,,,
acer Aspire 3 Core i3 8th Gen,4,1080,145,34002,44999,Intel Core i3 Processor (8th Gen),4 GB DDR4 RAM,1 TB HDD,,,,,,,,,
DELL Inspiron Core i5 11th Gen,4.2,166,14,67990,101639,Intel Core i5 Processor (11th Gen),16 GB DDR4 RAM,512 GB SSD,,,,,,,,,
Lenovo IdeaPad 1 Celeron Dual Core,3.8,13,1,24499,32090,Intel Celeron Dual Core Processor,4 GB DDR4 RAM,128 GB SSD,,,,,,,,,
ASUS VivoBook 15 (2021) Core i3 11th Gen,3.7,368,39,34250,49990,Intel Core i3 Processor (11th Gen),8 GB DDR4 RAM,1 TB HDD,,,,,,,,,
ASUS Core i3 10th Gen,4.4,1969,248,33990,50990,Intel Core i3 Processor (10th Gen),8 GB DDR4 RAM,512 GB SSD,,,,,,,,,
HP Pavilion Gaming Ryzen 5 Hexa Core AMD R5,4.1,1617,165,62990,68192,AMD Ryzen 5 Hexa Core Processor,8 GB DDR4 RAM,1 TB HDD,,,,,,,,,
Lenovo IdeaPad Gaming 3 Core i5 11th Gen,3.9,117,15,57990,92320,Intel Core i5 Processor (11th Gen),8 GB DDR4 RAM,512 GB SSD,,,,,,,,,
Infinix INBook X2 Plus Core i3 11th Gen,4.1,146,32,40990,49990,Intel Core i3 Processor (11th Gen),8 GB LPDDR4X RAM,512 GB SSD,,,,,,,,,
DELL Inspiron Ryzen 3 Dual Core 3250U,4.5,4,0,40790,50132,AMD Ryzen 3 Dual Core Processor,8 GB DDR4 RAM,256 GB SSD,,,,,,,,,
MSI Core i3 12th Gen,0,0,0,45490,58990,Intel Core i3 Processor (12th Gen),8 GB DDR4 RAM,512 GB SSD,,,,,,,,,
ASUS Core i3 10th Gen,4.7,12,0,33990,45499,Intel Core i3 Processor (10th Gen),8 GB DDR4 RAM,512 GB SSD,,,,,,,,,
HP Pavilion Ryzen 5 Hexa Core 5625U,4.5,199,15,63990,72536,AMD Ryzen 5 Hexa Core Processor,16 GB DDR4 RAM,512 GB SSD,,,,,,,,,
